paper_id,title,first_author,publication_year,journal,doi,document_type,journal_impact_factor_year,journal_impact_factor,journal_quartile,journal_metrics_source,needs_manual_journal_check,relevance_score,extractability_score,journal_quality_score,priority_score,likely_ni_based,likely_contains_conditions,likely_contains_performance,priority_rationale,screening_notes,exclude_reason,old_final_priority_label
paper_0056,Kinetic and modelling study of methane steam reforming over sulfide nickel catalyst on a gamma alumina support,D.L. Hoang,2005.0,Chemical Engineering Journal,10.1016/j.cej.2005.06.004,journal_article,2025,13.2,,manual_lookup,no,95,50,100,88.5,yes,no,no,期刊IF>=10，期刊质量最高优先；存在Ni-based信号,journal_article_candidate_after_auto_screening,,medium_priority
paper_0037,The kinetics of methane steam reforming over a Ni/α-Al2O catalyst,Kaihu Hou,2001.0,Chemical Engineering Journal,10.1016/s1385-8947(00)00367-3,journal_article,2025,13.2,,manual_lookup,no,95,50,100,88.5,yes,no,no,期刊IF>=10，期刊质量最高优先；存在Ni-based信号,journal_article_candidate_after_auto_screening,,medium_priority
paper_0103,H2 production by low pressure methane steam reforming in a Pd–Ag membrane reactor over a Ni-based catalyst: Experimental and modeling,Adolfo Iulianelli,2010.0,International Journal of Hydrogen Energy,10.1016/j.ijhydene.2010.06.049,journal_article,2025,8.3,,manual_lookup,no,95,70,85,85.0,yes,yes,no,期刊IF>=6，满足第一批高质量筛选门槛；存在Ni-based信号；更可能包含条件字段,journal_article_candidate_after_auto_screening,,medium_priority
paper_0208,Steam reforming of methane over nickel-aluminum spinel-derived catalyst,Xi Ding,2023.0,International Journal of Hydrogen Energy,10.1016/j.ijhydene.2023.09.167,journal_article,2025,8.3,,manual_lookup,no,95,50,85,81.0,yes,no,no,期刊IF>=6，满足第一批高质量筛选门槛；存在Ni-based信号,journal_article_candidate_after_auto_screening,,low_priority
paper_0199,Hollow sphere Ni-based catalysts promoted with cerium for steam reforming of methane,Maryam Meshksar,2022.0,Journal of the Energy Institute,10.1016/j.joei.2022.10.006,journal_article,2025,6.2,,manual_lookup,no,95,50,85,81.0,yes,no,no,期刊IF>=6，满足第一批高质量筛选门槛；存在Ni-based信号,journal_article_candidate_after_auto_screening,,low_priority
paper_0070,Theoretical and experimental study of methane steam reforming reactions over nickel catalyst,Carolina Pistonesi,2006.0,Applied Surface Science,10.1016/j.apsusc.2006.09.054,journal_article,2025,6.9,,manual_lookup,no,95,50,85,81.0,yes,no,no,期刊IF>=6，满足第一批高质量筛选门槛；存在Ni-based信号,journal_article_candidate_after_auto_screening,,medium_priority
paper_0060,Steam reforming of methane over unsupported nickel catalysts,Souad Rakass,2005.0,Journal of Power Sources,10.1016/j.jpowsour.2005.09.019,journal_article,2025,7.9,,manual_lookup,no,95,50,85,81.0,yes,no,no,期刊IF>=6，满足第一批高质量筛选门槛；存在Ni-based信号,journal_article_candidate_after_auto_screening,,medium_priority
paper_0031,Stoichiometric consideration of steam reforming of methane on Ni/Al2O3 catalyst at 650°C by using a solar furnace simulator,Yokota,2000.0,International Journal of Hydrogen Energy,10.1016/s0360-3199(99)00011-7,journal_article,2025,8.3,,manual_lookup,no,95,50,85,81.0,yes,no,no,期刊IF>=6，满足第一批高质量筛选门槛；存在Ni-based信号,journal_article_candidate_after_auto_screening,,medium_priority
paper_0006,Sulfur-passivated nickel catalysts for carbon-free steam reforming of methane,J.R. Rostrup-Nielsen,1984.0,Journal of Catalysis,10.1016/0021-9517(84)90107-6,journal_article,2025,6.5,,manual_lookup,no,95,50,85,81.0,yes,no,no,期刊IF>=6，满足第一批高质量筛选门槛；存在Ni-based信号,journal_article_candidate_after_auto_screening,,medium_priority
paper_0004,"Kinetics of the steam reforming of methane with iron, nickel, and iron-nickel alloys as catalysts",Petra Münster,1981.0,Journal of Catalysis,10.1016/0021-9517(81)90010-5,journal_article,2025,6.5,,manual_lookup,no,95,50,85,81.0,yes,no,no,期刊IF>=6，满足第一批高质量筛选门槛；存在Ni-based信号,journal_article_candidate_after_auto_screening,,medium_priority
paper_0003,Evidence for the participation of surface nickel aluminate sites in the steam reforming of methane over nickel/alumina catalysts,J.R.H. Ross,1978.0,Journal of Catalysis,10.1016/0021-9517(78)90142-2,journal_article,2025,6.5,,manual_lookup,no,95,50,85,81.0,yes,no,no,期刊IF>=6，满足第一批高质量筛选门槛；存在Ni-based信号,journal_article_candidate_after_auto_screening,,medium_priority
paper_0203,Hydrogen-Rich Syngas Production via Dry and Steam Reforming of Methane in Simulated Producer Gas over ZSM-5-Supported Trimetallic Catalysts,John T. Iminabo,2023.0,Energies,10.3390/en16227518,journal_article,2024,3.2,,manual_lookup,no,95,100,55,76.0,yes,yes,yes,期刊IF介于3和6之间，保留为中质量备选；存在Ni-based信号；更可能包含条件字段；更可能包含性能字段,journal_article_candidate_after_auto_screening,,top_priority
paper_0179,Hydrogen Production via Low-Temperature Steam–Methane Reforming Using Ni–CeO<sub>2</sub>–Al<sub>2</sub>O<sub>3</sub> Hybrid Nanoparticle Clusters as Catalysts,Guan-Hung Lai,2019.0,ACS Applied Energy Materials,10.1021/acsaem.9b01444,journal_article,2025,5.6,,manual_lookup,no,95,100,55,76.0,yes,yes,yes,期刊IF介于3和6之间，保留为中质量备选；存在Ni-based信号；更可能包含条件字段；更可能包含性能字段,journal_article_candidate_after_auto_screening,,top_priority
paper_0138,Ni-Based Catalysts for Low Temperature Methane Steam Reforming: Recent Results on Ni-Au and Comparison with Other Bi-Metallic Systems,Hongjing Wu,2013.0,Catalysts,10.3390/catal3020563,journal_article,2024,4.0,Q2,manual_lookup,no,95,100,55,76.0,yes,yes,yes,期刊IF介于3和6之间，保留为中质量备选；存在Ni-based信号；更可能包含条件字段；更可能包含性能字段,journal_article_candidate_after_auto_screening,,top_priority
paper_0079,"A novel catalyst with plate-type anodic alumina supports, Ni/NiAl2O4/γ-Al2O3/alloy, for steam reforming of methane",Lu Zhou,2008.0,Applied Catalysis A General,10.1016/j.apcata.2008.06.007,journal_article,2025,4.8,,manual_lookup,no,95,100,55,76.0,yes,yes,yes,期刊IF介于3和6之间，保留为中质量备选；存在Ni-based信号；更可能包含条件字段；更可能包含性能字段,journal_article_candidate_after_auto_screening,,top_priority
paper_0080,Effect of Ce<sub><i>x</i></sub>Zr<sub>1-<i>x</i></sub>O<sub>2</sub> Promoter on Ni-Based SBA-15 Catalyst for Steam Reforming of Methane,Kai Wang,2008.0,Energy & Fuels,10.1021/ef800553b,journal_article,2025,5.3,,manual_lookup,no,95,80,55,72.0,yes,no,yes,期刊IF介于3和6之间，保留为中质量备选；存在Ni-based信号；更可能包含性能字段,journal_article_candidate_after_auto_screening,,top_priority
paper_0151,Ni/TiO2 for low temperature steam reforming of methane,Ee Teng Kho,2015.0,Chemical Engineering Science,10.1016/j.ces.2015.10.021,journal_article,2025,4.3,,manual_lookup,no,95,70,55,70.0,yes,yes,no,期刊IF介于3和6之间，保留为中质量备选；存在Ni-based信号；更可能包含条件字段,journal_article_candidate_after_auto_screening,,medium_priority
paper_0047,Steam reforming of methane over nickel catalysts at low reaction temperature,Yasuyuki Matsumura,2003.0,Applied Catalysis A General,10.1016/j.apcata.2003.08.009,journal_article,2025,4.8,,manual_lookup,no,95,70,55,70.0,yes,yes,no,期刊IF介于3和6之间，保留为中质量备选；存在Ni-based信号；更可能包含条件字段,journal_article_candidate_after_auto_screening,,top_priority
paper_0053,Catalytic activities and coking resistance of Ni/perovskites in steam reforming of methane,Kohei Urasaki,2005.0,Applied Catalysis A General,10.1016/j.apcata.2005.02.020,journal_article,2025,4.8,,manual_lookup,no,95,65,55,69.0,yes,no,yes,期刊IF介于3和6之间，保留为中质量备选；存在Ni-based信号；更可能包含性能字段,journal_article_candidate_after_auto_screening,,medium_priority
paper_0058,"Methane steam reforming over Ni/Ce–ZrO2 catalyst: Influences of Ce–ZrO2 support on reactivity, resistance toward carbon formation, and intrinsic reaction kinetics",Navadol Laosiripojana,2005.0,Applied Catalysis A General,10.1016/j.apcata.2005.05.026,journal_article,2025,4.8,,manual_lookup,no,95,65,55,69.0,yes,no,yes,期刊IF介于3和6之间，保留为中质量备选；存在Ni-based信号；更可能包含性能字段,journal_article_candidate_after_auto_screening,,medium_priority
paper_0185,A Short Review on Ni Based Catalysts and Related Engineering Issues for Methane Steam Reforming,Eugenio Meloni,2020.0,Catalysts,10.3390/catal10030352,review,2024,4.0,Q2,manual_lookup,no,95,55,55,67.0,yes,no,yes,review仅作背景参考；期刊IF介于3和6之间，保留为中质量备选；存在Ni-based信号；更可能包含性能字段,review_kept_separately_for_manual_flagging,review_background_only,low_priority
paper_0155,Steam reforming of methane over Ni/SiO2 catalyst with enhanced coke resistance at low steam to methane ratio,Yao Zhang,2015.0,Catalysis Today,10.1016/j.cattod.2015.01.016,journal_article,2025,5.3,,manual_lookup,no,95,50,55,66.0,yes,no,no,期刊IF介于3和6之间，保留为中质量备选；存在Ni-based信号,journal_article_candidate_after_auto_screening,,low_priority
paper_0137,New synthesis strategies for Ni/Al2O3-Sil-1 core–shell catalysts for steam reforming of methane,Jian Zhang,2013.0,Catalysis Today,10.1016/j.cattod.2013.10.068,journal_article,2025,5.3,,manual_lookup,no,95,50,55,66.0,yes,no,no,期刊IF介于3和6之间，保留为中质量备选；存在Ni-based信号,journal_article_candidate_after_auto_screening,,low_priority
paper_0105,Kinetic of methane steam reforming reaction over nickel- and rhodium-based catalysts,M. Zeppieri,2010.0,Applied Catalysis A General,10.1016/j.apcata.2010.08.017,journal_article,2025,4.8,,manual_lookup,no,95,50,55,66.0,yes,no,no,期刊IF介于3和6之间，保留为中质量备选；存在Ni-based信号,journal_article_candidate_after_auto_screening,,low_priority
paper_0096,Steam reforming of methane to hydrogen over Ni-based metal monolith catalysts,Pingyi Wu,2009.0,Catalysis Today,10.1016/j.cattod.2009.01.031,journal_article,2025,5.3,,manual_lookup,no,95,50,55,66.0,yes,no,no,期刊IF介于3和6之间，保留为中质量备选；存在Ni-based信号,journal_article_candidate_after_auto_screening,,low_priority
paper_0040,Hydrogen from step-wise steam reforming of methane over Ni/ZrO2: factors affecting catalytic methane decomposition and gasification by steam of carbon formed on the catalyst,Choudhary,2002.0,Applied Catalysis A: General,10.1016/s0926-860x(02)00232-6,journal_article,2025,4.8,,manual_lookup,no,95,50,55,66.0,yes,no,no,期刊IF介于3和6之间，保留为中质量备选；存在Ni-based信号,journal_article_candidate_after_auto_screening,,medium_priority
paper_0029,Kinetics of internal steam reforming of methane on Ni/YSZ-based anodes for solid oxide fuel cells,Khaliq Ahmed,2000.0,Catalysis Today,10.1016/s0920-5861(00)00494-6,journal_article,2025,5.3,,manual_lookup,no,95,50,55,66.0,yes,no,no,期刊IF介于3和6之间，保留为中质量备选；存在Ni-based信号,journal_article_candidate_after_auto_screening,,medium_priority
paper_0171,Dual‐Function Cobalt–Nickel Nanoparticles Tailored for High‐Temperature Induction‐Heated Steam Methane Reforming,Morten G. Vinum,2018.0,Angewandte Chemie International Edition,10.1002/anie.201804832,journal_article,,,,,yes,95,100,0,48.5,yes,yes,yes,期刊IF缺失，需人工核查；存在Ni-based信号；更可能包含条件字段；更可能包含性能字段,journal_article_candidate_after_auto_screening,,top_priority
paper_0128,Perovskite NaCeTi<sub>2</sub>O<sub>6</sub>‐Supported Ni Catalysts for CH<sub>4</sub> Steam Reforming,Shenghong Zhang,2012.0,ChemCatChem,10.1002/cctc.201200239,journal_article,,,,,yes,95,100,0,48.5,yes,yes,yes,期刊IF缺失，需人工核查；存在Ni-based信号；更可能包含条件字段；更可能包含性能字段,journal_article_candidate_after_auto_screening,,top_priority
paper_0093,Ni@SiO<sub>2</sub>yolk-shell nanoreactor catalysts: High temperature stability and recyclability,Ji Chan Park,2009.0,Journal of Materials Chemistry,10.1039/b918446e,journal_article,,,,,yes,95,100,0,48.5,yes,yes,yes,期刊IF缺失，需人工核查；存在Ni-based信号；更可能包含条件字段；更可能包含性能字段,journal_article_candidate_after_auto_screening,,top_priority
paper_0078,A Plate-Type Anodic Alumina Supported Nickel Catalyst for Methane Steam Reforming,Lu Zhou,2008.0,JOURNAL OF CHEMICAL ENGINEERING OF JAPAN,10.1252/jcej.07we182,journal_article,,,,,yes,95,100,0,48.5,yes,yes,yes,期刊IF缺失，需人工核查；存在Ni-based信号；更可能包含条件字段；更可能包含性能字段,journal_article_candidate_after_auto_screening,,top_priority
paper_0002,Mechanism of the steam reforming of methane over a coprecipitated nickel-alumina catalyst,J.R.H. Ross,1973.0,Journal of the Chemical Society Faraday Transactions 1 Physical Chemistry in Condensed Phases,10.1039/f19736900010,journal_article,,,,,yes,95,85,0,45.5,yes,yes,no,期刊IF缺失，需人工核查；存在Ni-based信号；更可能包含条件字段,journal_article_candidate_after_auto_screening,,top_priority
paper_0119,Progresses in the Preparation of Coke Resistant Ni‐based Catalyst for Steam and CO<sub>2</sub> Reforming of Methane,Changjun Liu,2011.0,ChemCatChem,10.1002/cctc.201000358,journal_article,,,,,yes,95,80,0,44.5,yes,no,yes,期刊IF缺失，需人工核查；存在Ni-based信号；更可能包含性能字段,journal_article_candidate_after_auto_screening,,top_priority
paper_0206,Nickel based catalysts supported on porous support for methane steam reforming: potential and short review,Mawar Hasyikin Abu Seman,2023.0,IOP Conference Series Earth and Environmental Science,10.1088/1755-1315/1151/1/012061,review,,,,,yes,95,75,0,43.5,yes,yes,yes,review仅作背景参考；期刊IF缺失，需人工核查；存在Ni-based信号；更可能包含条件字段；更可能包含性能字段,review_kept_separately_for_manual_flagging,review_background_only,low_priority
paper_0209,Syngas production via combined dry and steam reforming methane over Ni-based catalyst: A review,S.F. AHMAD,2023.0,Materials research proceedings,10.21741/9781644902516-3,review,,,,,yes,95,75,0,43.5,yes,yes,yes,review仅作背景参考；期刊IF缺失，需人工核查；存在Ni-based信号；更可能包含条件字段；更可能包含性能字段,review_kept_separately_for_manual_flagging,review_background_only,low_priority
paper_0108,Study on Ni-based monolithic catalysts modified with La for steam reforming of methane,Dawen Wang,2010.0,Natural Gas Chemical Industry,,journal_article,,,,,yes,95,70,0,42.5,yes,no,yes,期刊IF缺失，需人工核查；存在Ni-based信号；更可能包含性能字段,journal_article_candidate_after_auto_screening,,medium_priority
paper_0134,Effect of Nickel-Alumina Nanoparticle Catalyst on the Performance of Methane Steam Reforming Process,Rohani,2013.0,American Journal of Nanoscience and Nanotechnology,10.11648/j.nano.20130103.13,journal_article,,,,,yes,95,65,0,41.5,yes,no,yes,期刊IF缺失，需人工核查；存在Ni-based信号；更可能包含性能字段,journal_article_candidate_after_auto_screening,,medium_priority
paper_0051,A Comparison of Oxygen-vacancy Effect on Activity Behaviors of Carbon Dioxide and Steam Reforming of Methane over Supported Nickel Catalysts,Ta-Jen Huang,2005.0,Catalysis Letters,10.1007/s10562-005-8697-2,journal_article,,,,,yes,95,65,0,41.5,yes,no,yes,期刊IF缺失，需人工核查；存在Ni-based信号；更可能包含性能字段,journal_article_candidate_after_auto_screening,,medium_priority
paper_0039,Highly Active and Stable All-Round Catalyst for Methane Reforming Reactions: Ni/Ce-ZrO<sub>2</sub>/θ-Al<sub>2</sub>O<sub>3</sub>,"Rho, Hyun-Seog;Jun, Ki-Won;Baek, Seung-Chan;Park, Sang-Eon;",2002.0,Bulletin of the Korean Chemical Society,10.5012/bkcs.2002.23.6.793,journal_article,,,,,yes,95,65,0,41.5,yes,no,no,期刊IF缺失，需人工核查；存在Ni-based信号,journal_article_candidate_after_auto_screening,,medium_priority
paper_0013,"Methane steam reforming, methanation and water‐gas shift: I. Intrinsic kinetics",Jianguo Xu,1989.0,AIChE Journal,10.1002/aic.690350109,journal_article,,,,,yes,95,65,0,41.5,yes,no,no,期刊IF缺失，需人工核查；存在Ni-based信号,journal_article_candidate_after_auto_screening,,medium_priority
paper_0008,"Activity, FTIR studies and catalyst characterization during methane steam reforming on Ni/Y-zeolite catalysts",Al-Ubaid,1987.0,Applied Catalysis,10.1016/s0166-9834(00)82450-1,journal_article,,,,,yes,95,65,0,41.5,yes,no,yes,期刊IF缺失，需人工核查；存在Ni-based信号；更可能包含性能字段,journal_article_candidate_after_auto_screening,,medium_priority
paper_0204,Nanoparticle Mobility and Coalescence During Sintering of a Ni/MgAl2O4 Methane Steam Reforming Catalyst,Hansen,2023.0,Microscopy and Microanalysis,10.1093/micmic/ozad067.831,journal_article,,,,,yes,95,50,0,38.5,yes,no,no,期刊IF缺失，需人工核查；存在Ni-based信号,journal_article_candidate_after_auto_screening,,low_priority
paper_0205,Ni/Al2O3 supported on cordierite monoliths for methane steam reforming: Influence of catalyst coating methodology,Pereira,2023.0,Catalysis Communications,10.1016/j.catcom.2023.106759,journal_article,,,,,yes,95,50,0,38.5,yes,no,no,期刊IF缺失，需人工核查；存在Ni-based信号,journal_article_candidate_after_auto_screening,,low_priority
paper_0195,"Ni/LaBO3 (B = Al, Cr, Fe) Catalysts for Steam Reforming of Methane (SRM): On the Interaction Between Ni and LaBO3 Perovskites with Differed Fine Structures",Menghe Yang,2021.0,Catalysis Surveys from Asia,10.1007/s10563-021-09343-7,journal_article,,,,,yes,95,50,0,38.5,yes,no,no,期刊IF缺失，需人工核查；存在Ni-based信号,journal_article_candidate_after_auto_screening,,low_priority
paper_0187,Kinetics of steam reforming of methane on Rh–Ni/MgAl2O4 catalyst,Katheria,2020.0,"Reaction Kinetics, Mechanisms and Catalysis",10.1007/s11144-020-01767-y,journal_article,,,,,yes,95,50,0,38.5,yes,no,no,期刊IF缺失，需人工核查；存在Ni-based信号,journal_article_candidate_after_auto_screening,,low_priority
paper_0136,Methane Steam Reforming Kinetics on a Ni/Mg/K/Al2O3 Catalyst,Robinson,2013.0,Topics in Catalysis,10.1007/s11244-013-0106-2,journal_article,,,,,yes,95,50,0,38.5,yes,no,no,期刊IF缺失，需人工核查；存在Ni-based信号,journal_article_candidate_after_auto_screening,,low_priority
paper_0111,Carbon formation and steam reforming of methane on silica supported nickel catalysts,Xueyan Guo,2011.0,Catalysis Communications,10.1016/j.catcom.2011.12.031,journal_article,,,,,yes,95,50,0,38.5,yes,no,no,期刊IF缺失，需人工核查；存在Ni-based信号,journal_article_candidate_after_auto_screening,,low_priority
paper_0115,Methane Steam Reforming Over Ni/NiAl2O4 Catalyst: The Effect of Steam-to-Methane Ratio,Sprung,2011.0,Topics in Catalysis,10.1007/s11244-011-9726-6,journal_article,,,,,yes,95,50,0,38.5,yes,no,no,期刊IF缺失，需人工核查；存在Ni-based信号,journal_article_candidate_after_auto_screening,,low_priority
paper_0120,Ru/Ni/MgAl2O4 catalysts for steam reforming of methane: effects of Ru content on self-activation property,Seung-Chan Baek,2011.0,Research on Chemical Intermediates,10.1007/s11164-011-0462-0,journal_article,,,,,yes,95,50,0,38.5,yes,no,no,期刊IF缺失，需人工核查；存在Ni-based信号,journal_article_candidate_after_auto_screening,,low_priority
paper_0121,Steam Reforming of Methane Over Nickel: Development of a Multi-Step Surface Reaction Mechanism,Lubow Maier,2011.0,Topics in Catalysis,10.1007/s11244-011-9702-1,journal_article,,,,,yes,95,50,0,38.5,yes,no,no,期刊IF缺失，需人工核查；存在Ni-based信号,journal_article_candidate_after_auto_screening,,low_priority
paper_0109,Suppression of carbon formation in steam reforming of methane by addition of Co into Ni/ZrO2 catalysts,D. Harshini,2010.0,Korean Journal of Chemical Engineering,10.1007/s11814-010-0095-9,journal_article,,,,,yes,95,50,0,38.5,yes,no,no,期刊IF缺失，需人工核查；存在Ni-based信号,journal_article_candidate_after_auto_screening,,low_priority
paper_0073,Effect of Ni Loading and CexZri-xO2 Promoter on Ni-Based SBA-15 Catalysts for Steam Reforming of Methane,Huijun Wan,2007.0,Journal of Natural Gas Chemistry,10.1016/s1003-9953(07)60039-5,journal_article,,,,,yes,95,50,0,38.5,yes,no,no,期刊IF缺失，需人工核查；存在Ni-based信号,journal_article_candidate_after_auto_screening,,medium_priority
paper_0012,Steam reforming of methane on reduced non-stoichiometric nickel aluminate catalysts,A.S. Al-Ubaid,1988.0,Applied Catalysis,10.1016/s0166-9834(00)80427-3,journal_article,,,,,yes,95,50,0,38.5,yes,no,no,期刊IF缺失，需人工核查；存在Ni-based信号,journal_article_candidate_after_auto_screening,,medium_priority
paper_0217,"Review for ""Metallic nickel-anchored biochar with non-metallic heteroatom modification: remarkably effective catalyst for steam reforming of methane""",,2024.0,,10.1039/d4re00431k/v1/review2,review,,,,,yes,95,10,0,30.5,yes,no,no,review仅作背景参考；期刊IF缺失，需人工核查；存在Ni-based信号,review_kept_separately_for_manual_flagging,review_background_only,low_priority
paper_0218,"Review for ""Metallic nickel-anchored biochar with non-metallic heteroatom modification: remarkably effective catalyst for steam reforming of methane""",,2024.0,,10.1039/d4re00431k/v1/review1,review,,,,,yes,95,10,0,30.5,yes,no,no,review仅作背景参考；期刊IF缺失，需人工核查；存在Ni-based信号,review_kept_separately_for_manual_flagging,review_background_only,low_priority
paper_0219,"Review for ""Metallic nickel-anchored biochar with non-metallic heteroatom modification: remarkably effective catalyst for steam reforming of methane""",,2024.0,,10.1039/d4re00431k/v2/review1,review,,,,,yes,95,10,0,30.5,yes,no,no,review仅作背景参考；期刊IF缺失，需人工核查；存在Ni-based信号,review_kept_separately_for_manual_flagging,review_background_only,low_priority
paper_0161,Kinetic assessment of Ni-based catalysts in low-temperature methane/biogas steam reforming,Luca Turchetti,2016.0,International Journal of Hydrogen Energy,10.1016/j.ijhydene.2016.07.245,journal_article,2025,8.3,,manual_lookup,no,85,70,85,82.0,yes,yes,no,期刊IF>=6，满足第一批高质量筛选门槛；存在Ni-based信号；更可能包含条件字段,journal_article_candidate_after_auto_screening,,medium_priority
paper_0005,On the nature of carbon in Ni/$alpha;-Al2O3 catalyst deactivated by the methane-steam reforming reaction,DEDEKEN,1981.0,Journal of Catalysis,10.1016/0021-9517(81)90332-8,journal_article,2025,6.5,,manual_lookup,no,85,50,85,78.0,yes,no,no,期刊IF>=6，满足第一批高质量筛选门槛；存在Ni-based信号,journal_article_candidate_after_auto_screening,,low_priority
paper_0021,Internal steam reforming of methane over Ni-based electrode in solid oxide fuel cells,V. D. Belyaev,1995.0,Applied Catalysis A General,10.1016/0926-860x(95)00184-0,journal_article,2025,4.8,,manual_lookup,no,85,50,55,63.0,yes,no,no,期刊IF介于3和6之间，保留为中质量备选；存在Ni-based信号,journal_article_candidate_after_auto_screening,,low_priority
paper_0036,Methane-Steam Reforming over Ni/Al2O3 Catalyst Prepared Using W/O Microemulsion,Hayashi,2001.0,Chemistry Letters,10.1246/cl.2001.34,journal_article,,,,,yes,85,80,0,41.5,yes,no,yes,期刊IF缺失，需人工核查；存在Ni-based信号；更可能包含性能字段,journal_article_candidate_after_auto_screening,,medium_priority
paper_0148,Catalyst development for steam reforming of methane and model biogas at low temperature,Sofia Angeli,2015.0,Applied Catalysis B: Environmental,10.1016/j.apcatb.2015.07.039,journal_article,2025,21.1,,manual_lookup,no,75,70,100,86.5,no,yes,no,期刊IF>=10，期刊质量最高优先；更可能包含条件字段,journal_article_candidate_after_auto_screening,,low_priority
paper_0107,Preparation of supported Ni catalysts on various metal oxides with core/shell structures and their tests for the steam reforming of methane,Hyowon Kim,2010.0,Chemical Engineering Journal,10.1016/j.cej.2010.11.045,journal_article,2025,13.2,,manual_lookup,no,75,50,100,82.5,no,no,no,期刊IF>=10，期刊质量最高优先,journal_article_candidate_after_auto_screening,,low_priority
paper_0168,Low temperature steam reforming of methane using metal oxide promoted Ni-Ce0.8Zr0.2O2 catalysts in a compact reformer,Hak-Min Kim,2017.0,International Journal of Hydrogen Energy,10.1016/j.ijhydene.2017.11.058,journal_article,2025,8.3,,manual_lookup,no,75,70,85,79.0,no,yes,no,期刊IF>=6，满足第一批高质量筛选门槛；更可能包含条件字段,journal_article_candidate_after_auto_screening,,low_priority
paper_0125,Thermodynamic and experimental study of combined dry and steam reforming of methane on Ru/ ZrO2-La2O3 catalyst at low temperature,M.A. Soria,2011.0,International Journal of Hydrogen Energy,10.1016/j.ijhydene.2011.08.117,journal_article,2025,8.3,,manual_lookup,no,75,70,85,79.0,no,yes,no,期刊IF>=6，满足第一批高质量筛选门槛；更可能包含条件字段,journal_article_candidate_after_auto_screening,,low_priority
paper_0049,Methane steam reforming over Ce–ZrO2-supported noble metal catalysts at low temperature,Katsuki Kusakabe,2004.0,Fuel Processing Technology,10.1016/j.fuproc.2004.05.003,journal_article,2025,7.7,,manual_lookup,no,75,70,85,79.0,no,yes,no,期刊IF>=6，满足第一批高质量筛选门槛；更可能包含条件字段,journal_article_candidate_after_auto_screening,,low_priority
paper_0210,"Synthesis, characterization, and application of bio-templated Ni–Ce/Al2O3 catalyst for clean H2 production in the steam reforming of methane process",Hadiseh Khosravani,2023.0,Journal of the Energy Institute,10.1016/j.joei.2023.101203,journal_article,2025,6.2,,manual_lookup,no,75,50,85,75.0,no,no,no,期刊IF>=6，满足第一批高质量筛选门槛,journal_article_candidate_after_auto_screening,,low_priority
paper_0197,A two step Microwave-assisted coke resistant mesoporous Ni-Co catalyst for methane steam reforming,Etminan,2022.0,Fuel,10.1016/j.fuel.2021.122411,journal_article,2025,7.5,,manual_lookup,no,75,50,85,75.0,no,no,no,期刊IF>=6，满足第一批高质量筛选门槛,journal_article_candidate_after_auto_screening,,low_priority
paper_0201,"Synthesis, application, and characteristics of mesoporous alumina as a support of promoted Ni-Co bimetallic catalysts in steam reforming of methane",Sara Zolghadri,2022.0,Fuel,10.1016/j.fuel.2022.127005,journal_article,2025,7.5,,manual_lookup,no,75,50,85,75.0,no,no,no,期刊IF>=6，满足第一批高质量筛选门槛,journal_article_candidate_after_auto_screening,,low_priority
paper_0192,Syngas production via combined dry and steam reforming of methane over Ni-Ce/ZSM-5 catalyst,Ningbo Gao,2020.0,Fuel,10.1016/j.fuel.2020.117702,journal_article,2025,7.5,,manual_lookup,no,75,50,85,75.0,no,no,no,期刊IF>=6，满足第一批高质量筛选门槛,journal_article_candidate_after_auto_screening,,low_priority
paper_0181,Influence of the preparation method in the metal-support interaction and reducibility of Ni-Mg-Al based catalysts for methane steam reforming,Lola Azancot,2019.0,International Journal of Hydrogen Energy,10.1016/j.ijhydene.2019.05.167,journal_article,2025,8.3,,manual_lookup,no,75,50,85,75.0,no,no,no,期刊IF>=6，满足第一批高质量筛选门槛,journal_article_candidate_after_auto_screening,,low_priority
paper_0182,La-doped supported Ni catalysts for steam reforming of methane,Meriem Boudjeloud,2019.0,International Journal of Hydrogen Energy,10.1016/j.ijhydene.2019.01.140,journal_article,2025,8.3,,manual_lookup,no,75,50,85,75.0,no,no,no,期刊IF>=6，满足第一批高质量筛选门槛,journal_article_candidate_after_auto_screening,,low_priority
paper_0165,Catalytic properties of a pure Ni coil catalyst for methane steam reforming,Hirano,2017.0,International Journal of Hydrogen Energy,10.1016/j.ijhydene.2017.10.135,journal_article,2025,8.3,,manual_lookup,no,75,50,85,75.0,no,no,no,期刊IF>=6，满足第一批高质量筛选门槛,journal_article_candidate_after_auto_screening,,low_priority
paper_0167,Innovative catalyst design for methane steam reforming intensification,Ricca,2017.0,Fuel,10.1016/j.fuel.2016.11.006,journal_article,2025,7.5,,manual_lookup,no,75,50,85,75.0,no,no,no,期刊IF>=6，满足第一批高质量筛选门槛,journal_article_candidate_after_auto_screening,,low_priority
paper_0142,Highly active and stable MgAl2O4-supported Rh and Ir catalysts for methane steam reforming: A combined experimental and theoretical study,Donghai Mei,2014.0,Journal of Catalysis,10.1016/j.jcat.2014.04.021,journal_article,2025,6.5,,manual_lookup,no,75,50,85,75.0,no,no,no,期刊IF>=6，满足第一批高质量筛选门槛,journal_article_candidate_after_auto_screening,,low_priority
paper_0122,Steam reforming of methane over Ni catalyst in micro-channel reactor,Xuli Zhai,2011.0,International Journal of Hydrogen Energy,10.1016/j.ijhydene.2011.03.065,journal_article,2025,8.3,,manual_lookup,no,75,50,85,75.0,no,no,no,期刊IF>=6，满足第一批高质量筛选门槛,journal_article_candidate_after_auto_screening,,low_priority
paper_0123,Steam reforming of methane to syngas over NiAl2O4 spinel catalysts,N. Salhi,2011.0,International Journal of Hydrogen Energy,10.1016/j.ijhydene.2010.11.071,journal_article,2025,8.3,,manual_lookup,no,75,50,85,75.0,no,no,no,期刊IF>=6，满足第一批高质量筛选门槛,journal_article_candidate_after_auto_screening,,low_priority
paper_0088,Comparative study of the kinetics of methane steam reforming on supported Ni and Sn/Ni alloy catalysts: The impact of the formation of Ni alloy on chemistry,Eranda Nikolla,2009.0,Journal of Catalysis,10.1016/j.jcat.2009.02.006,journal_article,2025,6.5,,manual_lookup,no,75,50,85,75.0,no,no,no,期刊IF>=6，满足第一批高质量筛选门槛,journal_article_candidate_after_auto_screening,,low_priority
paper_0092,Ni catalysts with Mo promoter for methane steam reforming,S.S. Maluf,2009.0,Fuel,10.1016/j.fuel.2009.03.025,journal_article,2025,7.5,,manual_lookup,no,75,50,85,75.0,no,no,no,期刊IF>=6，满足第一批高质量筛选门槛,journal_article_candidate_after_auto_screening,,low_priority
paper_0081,First principles calculations and experimental insight into methane steam reforming over transition metal catalysts,Gareth Jones,2008.0,Journal of Catalysis,10.1016/j.jcat.2008.08.003,journal_article,2025,6.5,,manual_lookup,no,75,50,85,75.0,no,no,no,期刊IF>=6，满足第一批高质量筛选门槛,journal_article_candidate_after_auto_screening,,low_priority
paper_0072,Co/Al2O3 catalysts promoted with noble metals for production of hydrogen by methane steam reforming,Luciene Paula Roberto Profeti,2007.0,Fuel,10.1016/j.fuel.2007.10.015,journal_article,2025,7.5,,manual_lookup,no,75,50,85,75.0,no,no,no,期刊IF>=6，满足第一批高质量筛选门槛,journal_article_candidate_after_auto_screening,,low_priority
paper_0063,Cobalt catalysts prepared from hydrotalcite precursors and tested in methane steam reforming,Alessandra Fonseca Lucrédio,2006.0,Journal of Power Sources,10.1016/j.jpowsour.2005.10.108,journal_article,2025,7.9,,manual_lookup,no,75,50,85,75.0,no,no,no,期刊IF>=6，满足第一批高质量筛选门槛,journal_article_candidate_after_auto_screening,,low_priority
paper_0068,Surface modification of Ni catalysts with trace Pt for oxidative steam reforming of methane,B LI,2006.0,Journal of Catalysis,10.1016/j.jcat.2006.10.004,journal_article,2025,6.5,,manual_lookup,no,75,50,85,75.0,no,no,no,期刊IF>=6，满足第一批高质量筛选门槛,journal_article_candidate_after_auto_screening,,low_priority
paper_0175,A thermo-photo hybrid process for steam reforming of methane: highly efficient visible light photocatalysis,Bing Han,2019.0,Chemical Communications,10.1039/c9cc04193a,journal_article,2025,4.2,,manual_lookup,no,75,100,55,70.0,no,yes,yes,期刊IF介于3和6之间，保留为中质量备选；更可能包含条件字段；更可能包含性能字段,journal_article_candidate_after_auto_screening,,medium_priority
paper_0176,Bench-Scale Steam Reforming of Methane for Hydrogen Production,Hae‐Gu Park,2019.0,Catalysts,10.3390/catal9070615,journal_article,2024,4.0,Q2,manual_lookup,no,75,100,55,70.0,no,yes,yes,期刊IF介于3和6之间，保留为中质量备选；更可能包含条件字段；更可能包含性能字段,journal_article_candidate_after_auto_screening,,medium_priority
paper_0133,Comparative Study on Steam and Oxidative Steam Reforming of Methane with Noble Metal Catalysts,Um‐e‐Salma Amjad,2013.0,Industrial & Engineering Chemistry Research,10.1021/ie400679h,journal_article,2025,3.9,,manual_lookup,no,75,100,55,70.0,no,yes,yes,期刊IF介于3和6之间，保留为中质量备选；更可能包含条件字段；更可能包含性能字段,journal_article_candidate_after_auto_screening,,medium_priority
paper_0106,Photocatalytic Steam Reforming of Methane over Sodium Tantalate,Katsuya Shimura,2010.0,The Journal of Physical Chemistry C,10.1021/jp902761x,journal_article,2025,3.2,,manual_lookup,no,75,100,55,70.0,no,yes,yes,期刊IF介于3和6之间，保留为中质量备选；更可能包含条件字段；更可能包含性能字段,journal_article_candidate_after_auto_screening,,medium_priority
paper_0082,Hydrogen Production from Methane and Water on Platinum Loaded Titanium Oxide Photocatalysts,Hisao Yoshida,2008.0,The Journal of Physical Chemistry C,10.1021/jp077314u,journal_article,2025,3.2,,manual_lookup,no,75,100,55,70.0,no,yes,yes,期刊IF介于3和6之间，保留为中质量备选；更可能包含条件字段；更可能包含性能字段,journal_article_candidate_after_auto_screening,,medium_priority
paper_0054,Experimental Study of Steam Reforming of Methane in a Thin (6 μM) Pd-Based Membrane Reactor,Jianhua Tong,2005.0,Industrial & Engineering Chemistry Research,10.1021/ie049115s,journal_article,2025,3.9,,manual_lookup,no,75,100,55,70.0,no,yes,yes,期刊IF介于3和6之间，保留为中质量备选；更可能包含条件字段；更可能包含性能字段,journal_article_candidate_after_auto_screening,,medium_priority
paper_0023,Simultaneous Carbon Dioxide and Steam Reforming of Methane to Syngas over NiO−CaO Catalyst,Vasant R. Choudhary,1996.0,Industrial & Engineering Chemistry Research,10.1021/ie960002l,journal_article,2025,3.9,,manual_lookup,no,75,100,55,70.0,no,yes,yes,期刊IF介于3和6之间，保留为中质量备选；更可能包含条件字段；更可能包含性能字段,journal_article_candidate_after_auto_screening,,top_priority
paper_0074,Kinetic Analysis of the Catalyst and Nonthermal Plasma Hybrid Reaction for Methane Steam Reforming,Tomohiro Nozaki,2007.0,Energy & Fuels,10.1021/ef070117+,journal_article,2025,5.3,,manual_lookup,no,75,85,55,67.0,no,yes,no,期刊IF介于3和6之间，保留为中质量备选；更可能包含条件字段,journal_article_candidate_after_auto_screening,,medium_priority
paper_0055,Hydrotalcite as CO<sub>2</sub> Sorbent for Sorption-Enhanced Steam Reforming of Methane,Hendricus Th. J. Reijers,2005.0,Industrial & Engineering Chemistry Research,10.1021/ie050563p,journal_article,2025,3.9,,manual_lookup,no,75,80,55,66.0,no,no,yes,期刊IF介于3和6之间，保留为中质量备选；更可能包含性能字段,journal_article_candidate_after_auto_screening,,medium_priority
paper_0114,Low temperature steam reforming of methane over metal catalyst supported on CexZr1−xO2 in an electric field,Yasushi Sekine,2011.0,Catalysis Today,10.1016/j.cattod.2011.03.076,journal_article,2025,5.3,,manual_lookup,no,75,70,55,64.0,no,yes,no,期刊IF介于3和6之间，保留为中质量备选；更可能包含条件字段,journal_article_candidate_after_auto_screening,,low_priority
paper_0094,Performance of La1−xCexFe0.7Ni0.3O3 perovskite catalysts for methane steam reforming,Sang Ok Choi,2009.0,Catalysis Today,10.1016/j.cattod.2009.02.023,journal_article,2025,5.3,,manual_lookup,no,75,65,55,63.0,no,no,yes,期刊IF介于3和6之间，保留为中质量备选；更可能包含性能字段,journal_article_candidate_after_auto_screening,,low_priority
paper_0083,Methane steam reforming for hydrogen production using low water-ratios without carbon formation over ceria coated Ni catalysts,Jiahui Xu,2008.0,Applied Catalysis A General,10.1016/j.apcata.2008.02.044,journal_article,2025,4.8,,manual_lookup,no,75,65,55,63.0,no,no,yes,期刊IF介于3和6之间，保留为中质量备选；更可能包含性能字段,journal_article_candidate_after_auto_screening,,low_priority
paper_0059,Performance of NiO–MgO solid solution-supported Pt catalysts in oxidative steam reforming of methane,Mohammad Nurunnabi,2005.0,Applied Catalysis A General,10.1016/j.apcata.2005.06.022,journal_article,2025,4.8,,manual_lookup,no,75,65,55,63.0,no,no,yes,期刊IF介于3和6之间，保留为中质量备选；更可能包含性能字段,journal_article_candidate_after_auto_screening,,low_priority
paper_0041,The effect of CeO2 structure on the activity of supported Pd catalysts used for methane steam reforming,Radu Crăciun,2002.0,Applied Catalysis A General,10.1016/s0926-860x(01)01003-1,journal_article,2025,4.8,,manual_lookup,no,75,65,55,63.0,no,no,yes,期刊IF介于3和6之间，保留为中质量备选；更可能包含性能字段,journal_article_candidate_after_auto_screening,,low_priority
paper_0009,Catalytic deactivation of methane steam reforming catalysts. 1. Activation,M. Agnelli,1987.0,Industrial & Engineering Chemistry Research,10.1021/ie00068a037,journal_article,2025,3.9,,manual_lookup,no,75,65,55,63.0,no,no,no,期刊IF介于3和6之间，保留为中质量备选,journal_article_candidate_after_auto_screening,,low_priority
paper_0010,Catalytic deactivation on methane steam reforming catalysts. 2. Kinetic study,M. Agnelli,1987.0,Industrial & Engineering Chemistry Research,10.1021/ie00068a038,journal_article,2025,3.9,,manual_lookup,no,75,65,55,63.0,no,no,no,期刊IF介于3和6之间，保留为中质量备选,journal_article_candidate_after_auto_screening,,low_priority
paper_0140,Catalyst design for methane steam reforming,Viswanathan Arcotumapathy,2014.0,Applied Catalysis A General,10.1016/j.apcata.2014.04.020,journal_article,2025,4.8,,manual_lookup,no,75,50,55,60.0,no,no,no,期刊IF介于3和6之间，保留为中质量备选,journal_article_candidate_after_auto_screening,,low_priority
paper_0129,Production of hydrogen by steam reforming of methane over alumina supported nano-NiO/SiO2 catalyst,Barnali Bej,2012.0,Catalysis Today,10.1016/j.cattod.2012.04.011,journal_article,2025,5.3,,manual_lookup,no,75,50,55,60.0,no,no,no,期刊IF介于3和6之间，保留为中质量备选,journal_article_candidate_after_auto_screening,,low_priority
paper_0091,Methane steam reforming in large pore catalyst,Eduardo L.G. Oliveira,2009.0,Chemical Engineering Science,10.1016/j.ces.2009.10.018,journal_article,2025,4.3,,manual_lookup,no,75,50,55,60.0,no,no,no,期刊IF介于3和6之间，保留为中质量备选,journal_article_candidate_after_auto_screening,,low_priority
paper_0095,Preparation and characterization of Ru/MgO-Al2O3 catalysts for methane steam reforming,Luciene Santos Carvalho,2009.0,Catalysis Today,10.1016/j.cattod.2009.01.010,journal_article,2025,5.3,,manual_lookup,no,75,50,55,60.0,no,no,no,期刊IF介于3和6之间，保留为中质量备选,journal_article_candidate_after_auto_screening,,low_priority
paper_0097,Study of porous anodic alumina supported plate-type catalysts during daily start-up and shut-down operation of methane steam reforming,Lu Zhou,2009.0,Applied Catalysis A General,10.1016/j.apcata.2009.05.034,journal_article,2025,4.8,,manual_lookup,no,75,50,55,60.0,no,no,no,期刊IF介于3和6之间，保留为中质量备选,journal_article_candidate_after_auto_screening,,low_priority
paper_0071,Alumina-supported Ni catalysts modified with silver for the steam reforming of methane: Effect of Ag on the control of coke formation,N.V. Parizotto,2007.0,Applied Catalysis A General,10.1016/j.apcata.2007.06.022,journal_article,2025,4.8,,manual_lookup,no,75,50,55,60.0,no,no,no,期刊IF介于3和6之间，保留为中质量备选,journal_article_candidate_after_auto_screening,,low_priority
paper_0064,Ni-Cu/samaria-doped ceria catalysts for steam reforming of methane in the presence of carbon dioxide,Ta-Jen Huang,2006.0,Applied Catalysis A General,10.1016/j.apcata.2006.02.027,journal_article,2025,4.8,,manual_lookup,no,75,50,55,60.0,no,no,no,期刊IF介于3和6之间，保留为中质量备选,journal_article_candidate_after_auto_screening,,low_priority
paper_0065,Ru-doped Ni catalysts effective for the steam reforming of methane without the pre-reduction treatment with H2,Jin Hyeok Jeong,2006.0,Applied Catalysis A General,10.1016/j.apcata.2005.12.007,journal_article,2025,4.8,,manual_lookup,no,75,50,55,60.0,no,no,no,期刊IF介于3和6之间，保留为中质量备选,journal_article_candidate_after_auto_screening,,low_priority
paper_0067,Surface modification of Ni catalysts with trace Pd and Rh for oxidative steam reforming of methane,Yuya Mukainakano,2006.0,Applied Catalysis A General,10.1016/j.apcata.2006.11.017,journal_article,2025,4.8,,manual_lookup,no,75,50,55,60.0,no,no,no,期刊IF介于3和6之间，保留为中质量备选,journal_article_candidate_after_auto_screening,,low_priority
paper_0069,The effect of ceria content on the properties of Pd/CeO2/Al2O3 catalysts for steam reforming of methane,L.S.F. Feio,2006.0,Applied Catalysis A General,10.1016/j.apcata.2006.09.032,journal_article,2025,4.8,,manual_lookup,no,75,50,55,60.0,no,no,no,期刊IF介于3和6之间，保留为中质量备选,journal_article_candidate_after_auto_screening,,low_priority
paper_0057,Kinetics of steam reforming of methane on Ru/Al2O3 catalyst promoted with Mn oxides,Alexander Berman,2005.0,Applied Catalysis A General,10.1016/j.apcata.2004.12.003,journal_article,2025,4.8,,manual_lookup,no,75,50,55,60.0,no,no,no,期刊IF介于3和6之间，保留为中质量备选,journal_article_candidate_after_auto_screening,,low_priority
paper_0048,Highly active and stable Rh/MgOAl2O3 catalysts for methane steam reforming,Y. Wang,2004.0,Catalysis Today,10.1016/j.cattod.2004.09.011,journal_article,2025,5.3,,manual_lookup,no,75,50,55,60.0,no,no,no,期刊IF介于3和6之间，保留为中质量备选,journal_article_candidate_after_auto_screening,,low_priority
paper_0030,Steam reforming of methane in membrane reactors: comparison of electroless-plating and CVD membranes and catalyst packing modes,Eiichi Kikuchi,2000.0,Catalysis Today,10.1016/s0920-5861(99)00264-3,journal_article,2025,5.3,,manual_lookup,no,75,50,55,60.0,no,no,no,期刊IF介于3和6之间，保留为中质量备选,journal_article_candidate_after_auto_screening,,low_priority
paper_0084,Millisecond Methane Steam Reforming Via Process and Catalyst Intensification,Georgios D. Stefanidis,2008.0,Chemical Engineering & Technology,10.1002/ceat.200800237,journal_article,,,,,yes,75,100,0,42.5,no,yes,yes,期刊IF缺失，需人工核查；更可能包含条件字段；更可能包含性能字段,journal_article_candidate_after_auto_screening,,medium_priority
paper_0046,Steam reforming of methane and water‐gas shift in catalytic wall reactors,Kartik Venkataraman,2003.0,AIChE Journal,10.1002/aic.690490518,journal_article,,,,,yes,75,100,0,42.5,no,yes,yes,期刊IF缺失，需人工核查；更可能包含条件字段；更可能包含性能字段,journal_article_candidate_after_auto_screening,,top_priority
paper_0222,AI-Driven Catalyst Optimization in Methane Steam Reforming: A Hybrid HGBO–VIKOR and ConvLSTM Framework for Sustainable Hydrogen Production,Qahtani,2026.0,Sustainability,10.3390/su18083717,journal_article,,,,,yes,75,80,0,38.5,no,no,yes,期刊IF缺失，需人工核查；更可能包含性能字段,journal_article_candidate_after_auto_screening,,low_priority
paper_0147,Tuning the Performance of Ni‐Based Catalyst by Doping Coinage Metal on Steam Reforming of Methane and Carbon‐Tolerance,M. Wang,2014.0,Fuel Cells,10.1002/fuce.201300254,journal_article,,,,,yes,75,80,0,38.5,no,no,yes,期刊IF缺失，需人工核查；更可能包含性能字段,journal_article_candidate_after_auto_screening,,low_priority
paper_0113,Low temperature steam reforming of methane over Ni–Ce(1−)Zr()O2 catalysts under severe conditions,Hyun‐Seog Roh,2011.0,Renewable Energy,10.1016/j.renene.2011.08.013,journal_article,,,,,yes,75,70,0,36.5,no,yes,no,期刊IF缺失，需人工核查；更可能包含条件字段,journal_article_candidate_after_auto_screening,,low_priority
paper_0131,<i>In silico</i>search for novel methane steam reforming catalysts,Yue Xu,2013.0,New Journal of Physics,10.1088/1367-2630/15/12/125021,journal_article,,,,,yes,75,65,0,35.5,no,no,no,期刊IF缺失，需人工核查,journal_article_candidate_after_auto_screening,,low_priority
paper_0027,"Activity of NiAl2O4 Catalyst for Steam Reforming of
                                                Methane Under Internal Reforming Fuel Cell
                                                Conditions",Kou,1999.0,ECS Proceedings Volumes,10.1149/199919.0640pv,journal_article,,,,,yes,75,65,0,35.5,no,no,yes,期刊IF缺失，需人工核查；更可能包含性能字段,journal_article_candidate_after_auto_screening,,low_priority
paper_0200,In-situ catalytic upgrading of tar from integrated process of coal pyrolysis with steam reforming of methane over carbon based Ni catalyst,Zheng-wei WANG,2022.0,Journal of Fuel Chemistry and Technology,10.1016/s1872-5813(21)60169-x,journal_article,,,,,yes,75,50,0,32.5,no,no,no,期刊IF缺失，需人工核查,journal_article_candidate_after_auto_screening,,low_priority
paper_0196,Steam reforming of methane: Current states of catalyst design and process upgrading,Haotian Zhang,2021.0,Renewable and Sustainable Energy Reviews,10.1016/j.rser.2021.111330,journal_article,,,,,yes,75,50,0,32.5,no,no,no,期刊IF缺失，需人工核查,journal_article_candidate_after_auto_screening,,low_priority
paper_0118,Pilot Study on the Use of Methane Steam Reforming Catalyst in Molten Car-bonate Fuel Cell,LI,2011.0,CHINESE JOURNAL OF CATALYSIS (CHINESE VERSION),10.3724/sp.j.1088.2011.00637,journal_article,,,,,yes,75,50,0,32.5,no,no,no,期刊IF缺失，需人工核查,journal_article_candidate_after_auto_screening,,low_priority
paper_0050,05/00609 Dissociation of vibrationally excited methane on Ni catalyst: Part 1. application to methane steam reforming,,2005.0,Fuel and Energy Abstracts,10.1016/s0140-6701(05)80612-5,journal_article,,,,,yes,75,50,0,32.5,no,no,no,期刊IF缺失，需人工核查,journal_article_candidate_after_auto_screening,,low_priority
paper_0034,Highly stable Ni catalyst supported on Ce–ZrO2 for oxy-steam reforming of methane,Hyun‐Seog Roh,2001.0,Catalysis Letters,10.1023/a:1016699317421,journal_article,,,,,yes,75,50,0,32.5,no,no,no,期刊IF缺失，需人工核查,journal_article_candidate_after_auto_screening,,low_priority
paper_0026,Kinetic studies of methane steam reforming on ceria-supported Pd,Radu Crăciun,1998.0,Catalysis Letters,10.1023/a:1019022009310,journal_article,,,,,yes,75,50,0,32.5,no,no,no,期刊IF缺失，需人工核查,journal_article_candidate_after_auto_screening,,low_priority
paper_0024,97/01138 Simultaneous carbon dioxide and steam reforming of methane to syngas over NiOCaO catalyst,,1997.0,Fuel and Energy Abstracts,10.1016/s0140-6701(97)82906-2,journal_article,,,,,yes,75,50,0,32.5,no,no,no,期刊IF缺失，需人工核查,journal_article_candidate_after_auto_screening,,low_priority
paper_0014,Steam reforming of hydrocarbons on noble metal catalysts. (Part 8). Steam reforming of methane on supported ruthenium catalysts.,KIKUCHI,1990.0,Journal of The Japan Petroleum Institute,10.1627/jpi1958.33.152,journal_article,,,,,yes,75,50,0,32.5,no,no,no,期刊IF缺失，需人工核查,journal_article_candidate_after_auto_screening,,low_priority
paper_0213,"Review for ""Effect of ceria morphology on hydrogen production via methane steam reforming for membrane reformer""",,2024.0,,10.1002/cjce.25396/v2/review2,review,,,,,yes,75,25,0,27.5,no,no,yes,review仅作背景参考；期刊IF缺失，需人工核查；更可能包含性能字段,review_kept_separately_for_manual_flagging,review_background_only,low_priority
paper_0214,"Review for ""Effect of ceria morphology on hydrogen production via methane steam reforming for membrane reformer""",,2024.0,,10.1002/cjce.25396/v1/review1,review,,,,,yes,75,25,0,27.5,no,no,yes,review仅作背景参考；期刊IF缺失，需人工核查；更可能包含性能字段,review_kept_separately_for_manual_flagging,review_background_only,low_priority
paper_0215,"Review for ""Effect of ceria morphology on hydrogen production via methane steam reforming for membrane reformer""",,2024.0,,10.1002/cjce.25396/v1/review2,review,,,,,yes,75,25,0,27.5,no,no,yes,review仅作背景参考；期刊IF缺失，需人工核查；更可能包含性能字段,review_kept_separately_for_manual_flagging,review_background_only,low_priority
paper_0216,"Review for ""Effect of ceria morphology on hydrogen production via methane steam reforming for membrane reformer""",,2024.0,,10.1002/cjce.25396/v2/review1,review,,,,,yes,75,25,0,27.5,no,no,yes,review仅作背景参考；期刊IF缺失，需人工核查；更可能包含性能字段,review_kept_separately_for_manual_flagging,review_background_only,low_priority
paper_0001,Influence of Catalytic Supports on Methane Steam Reforming: A Short Review,Gebreel,,,10.31219/osf.io/6du2j,review,,,,,yes,75,25,0,27.5,no,no,no,review仅作背景参考；期刊IF缺失，需人工核查,review_kept_separately_for_manual_flagging,review_background_only,low_priority
paper_0188,Modeling of low temperature steam reforming of flare gas to methane-rich fuel gas on Ni catalyst in different types of reactors,Shigarov,2020.0,Chemical Engineering Journal,10.1016/j.cej.2020.125313,journal_article,2025,13.2,,manual_lookup,no,65,70,100,83.5,no,yes,no,期刊IF>=10，期刊质量最高优先；更可能包含条件字段,journal_article_candidate_after_auto_screening,,low_priority
paper_0145,"Syngas production by methane oxy-steam reforming on Me/CeO2 (Me = Rh, Pt, Ni) catalyst lined on cordierite monoliths",Antonio Vita,2014.0,Applied Catalysis B: Environmental,10.1016/j.apcatb.2014.07.028,journal_article,2025,21.1,,manual_lookup,no,65,50,100,79.5,no,no,no,期刊IF>=10，期刊质量最高优先,journal_article_candidate_after_auto_screening,,low_priority
paper_0090,Methane steam reforming in a microchannel reactor for GTL intensification: A computational fluid dynamics simulation study,Gurutze Arzamendi,2009.0,Chemical Engineering Journal,10.1016/j.cej.2009.01.035,journal_article,2025,13.2,,manual_lookup,no,65,50,100,79.5,no,no,no,期刊IF>=10，期刊质量最高优先,journal_article_candidate_after_auto_screening,,low_priority
paper_0085,Olivine catalysts for methane- and tar-steam reforming,John N. Kuhn,2008.0,Applied Catalysis B: Environmental,10.1016/j.apcatb.2007.11.040,journal_article,2025,21.1,,manual_lookup,no,65,50,100,79.5,no,no,no,期刊IF>=10，期刊质量最高优先,journal_article_candidate_after_auto_screening,,low_priority
paper_0043,Catalytic steam reforming of methane over Ce0.9Gd0.1O2−,E. Ramı́rez-Cabrera,2003.0,Applied Catalysis B: Environmental,10.1016/j.apcatb.2003.08.008,journal_article,2025,21.1,,manual_lookup,no,65,50,100,79.5,no,no,no,期刊IF>=10，期刊质量最高优先,journal_article_candidate_after_auto_screening,,low_priority
paper_0135,Low temperature hydrogen production by catalytic steam reforming of methane in an electric field,Kazumasa Oshima,2013.0,International Journal of Hydrogen Energy,10.1016/j.ijhydene.2012.12.069,journal_article,2025,8.3,,manual_lookup,no,65,85,85,79.0,no,yes,yes,期刊IF>=6，满足第一批高质量筛选门槛；更可能包含条件字段；更可能包含性能字段,journal_article_candidate_after_auto_screening,,low_priority
paper_0162,Microwave plasma-based method of hydrogen production via combined steam reforming of methane,Dariusz Czylkowski,2016.0,Energy,10.1016/j.energy.2016.07.088,journal_article,2025,9.4,,manual_lookup,no,65,65,85,75.0,no,no,yes,期刊IF>=6，满足第一批高质量筛选门槛；更可能包含性能字段,journal_article_candidate_after_auto_screening,,low_priority
paper_0141,Evaluation of the economic impact of hydrogen production by methane decomposition with steam reforming of methane process,Kartick C. Mondal,2014.0,International Journal of Hydrogen Energy,10.1016/j.ijhydene.2014.04.087,journal_article,2025,8.3,,manual_lookup,no,65,65,85,75.0,no,no,yes,期刊IF>=6，满足第一批高质量筛选门槛；更可能包含性能字段,journal_article_candidate_after_auto_screening,,low_priority
paper_0139,Stable hydrogen production by methane steam reforming in a two zone fluidized bed reactor: Experimental assessment,Lucía C. Pérez-Moreno,2013.0,Journal of Power Sources,10.1016/j.jpowsour.2013.05.197,journal_article,2025,7.9,,manual_lookup,no,65,65,85,75.0,no,no,yes,期刊IF>=6，满足第一批高质量筛选门槛；更可能包含性能字段,journal_article_candidate_after_auto_screening,,low_priority
paper_0098,CFD simulation with detailed chemistry of steam reforming of methane for hydrogen production in an integrated micro-reactor,Xuli Zhai,2010.0,International Journal of Hydrogen Energy,10.1016/j.ijhydene.2010.03.034,journal_article,2025,8.3,,manual_lookup,no,65,65,85,75.0,no,no,yes,期刊IF>=6，满足第一批高质量筛选门槛；更可能包含性能字段,journal_article_candidate_after_auto_screening,,low_priority
paper_0032,Catalytic activity of Ni–YSZ–CeO2 anode for the steam reforming of methane in a direct internal-reforming solid oxide fuel cell,Nobuyoshi Nakagawa,2001.0,Journal of Power Sources,10.1016/s0378-7753(00)00508-5,journal_article,2025,7.9,,manual_lookup,no,65,65,85,75.0,no,no,yes,期刊IF>=6，满足第一批高质量筛选门槛；更可能包含性能字段,journal_article_candidate_after_auto_screening,,low_priority
paper_0211,Catalytic evaluation of Ni–3%Sr-/MCM-41 in dry and steam reforming of methane,Motahareh Hasani Estalkhi,2024.0,International Journal of Hydrogen Energy,10.1016/j.ijhydene.2024.04.347,journal_article,2025,8.3,,manual_lookup,no,65,50,85,72.0,no,no,no,期刊IF>=6，满足第一批高质量筛选门槛,journal_article_candidate_after_auto_screening,,low_priority
paper_0207,Recent advances in the catalysis of steam reforming of methane (SRM),Joshua O. Ighalo,2023.0,International Journal of Hydrogen Energy,10.1016/j.ijhydene.2023.10.177,journal_article,2025,8.3,,manual_lookup,no,65,50,85,72.0,no,no,no,期刊IF>=6，满足第一批高质量筛选门槛,journal_article_candidate_after_auto_screening,,low_priority
paper_0184,Upgrading existing gas-steam combined cycle power plants through steam injection and methane steam reforming,Carapellucci,2019.0,Energy,10.1016/j.energy.2019.02.046,journal_article,2025,9.4,,manual_lookup,no,65,50,85,72.0,no,no,no,期刊IF>=6，满足第一批高质量筛选门槛,journal_article_candidate_after_auto_screening,,low_priority
paper_0173,Real time optimization of steam reforming of methane in an industrial hydrogen plant,M. Taji,2018.0,International Journal of Hydrogen Energy,10.1016/j.ijhydene.2018.05.094,journal_article,2025,8.3,,manual_lookup,no,65,50,85,72.0,no,no,no,期刊IF>=6，满足第一批高质量筛选门槛,journal_article_candidate_after_auto_screening,,low_priority
paper_0163,Modelling and simulation in conventional fixed-bed and fixed-bed membrane reactors for the steam reforming of methane,Jornandes Dias da Silva,2016.0,International Journal of Hydrogen Energy,10.1016/j.ijhydene.2016.01.083,journal_article,2025,8.3,,manual_lookup,no,65,50,85,72.0,no,no,no,期刊IF>=6，满足第一批高质量筛选门槛,journal_article_candidate_after_auto_screening,,low_priority
paper_0164,Ni–perovskite interaction and its structural and catalytic consequences in methane steam reforming and methanation reactions,Ramona Thalinger,2016.0,Journal of Catalysis,10.1016/j.jcat.2016.01.020,journal_article,2025,6.5,,manual_lookup,no,65,50,85,72.0,no,no,no,期刊IF>=6，满足第一批高质量筛选门槛,journal_article_candidate_after_auto_screening,,low_priority
paper_0146,Three-dimensionally ordered macroporous LaFeO3 perovskites for chemical-looping steam reforming of methane,Kun Zhao,2014.0,International Journal of Hydrogen Energy,10.1016/j.ijhydene.2013.12.046,journal_article,2025,8.3,,manual_lookup,no,65,50,85,72.0,no,no,no,期刊IF>=6，满足第一批高质量筛选门槛,journal_article_candidate_after_auto_screening,,low_priority
paper_0110,Thermodynamic equilibrium analysis of combined carbon dioxide reforming with steam reforming of methane to synthesis gas,Şeyma Özkara-Aydınoğlu,2010.0,International Journal of Hydrogen Energy,10.1016/j.ijhydene.2010.08.134,journal_article,2025,8.3,,manual_lookup,no,65,50,85,72.0,no,no,no,期刊IF>=6，满足第一批高质量筛选门槛,journal_article_candidate_after_auto_screening,,low_priority
paper_0087,"Co/Mg/Al hydrotalcite-type precursor, promoted with La and Ce, studied by XPS and applied to methane steam reforming reactions",Alessandra Fonseca Lucrédio,2009.0,Applied Surface Science,10.1016/j.apsusc.2009.01.020,journal_article,2025,6.9,,manual_lookup,no,65,50,85,72.0,no,no,no,期刊IF>=6，满足第一批高质量筛选门槛,journal_article_candidate_after_auto_screening,,low_priority
paper_0076,Modeling and simulation of methane steam reforming in a thermally coupled membrane reactor,Kirtan Patel,2007.0,International Journal of Hydrogen Energy,10.1016/j.ijhydene.2007.03.004,journal_article,2025,8.3,,manual_lookup,no,65,50,85,72.0,no,no,no,期刊IF>=6，满足第一批高质量筛选门槛,journal_article_candidate_after_auto_screening,,low_priority
paper_0042,A simulation study of the steam reforming of methane in a dense tubular membrane reactor,Fausto Gallucci,2003.0,International Journal of Hydrogen Energy,10.1016/j.ijhydene.2003.08.003,journal_article,2025,8.3,,manual_lookup,no,65,50,85,72.0,no,no,no,期刊IF>=6，满足第一批高质量筛选门槛,journal_article_candidate_after_auto_screening,,low_priority
paper_0045,Production of hydrogen-rich gases from steam reforming of methane in an automatic catalytic microreactor,Menderes Levent,2003.0,International Journal of Hydrogen Energy,10.1016/s0360-3199(02)00195-7,journal_article,2025,8.3,,manual_lookup,no,65,50,85,72.0,no,no,no,期刊IF>=6，满足第一批高质量筛选门槛,journal_article_candidate_after_auto_screening,,low_priority
paper_0038,Catalyst Shape as a Design Parameter—Optimum Shape for Methane-Steam Reforming Catalyst,J.S. Soltan Mohammadzadeh,2002.0,Process Safety and Environmental Protection,10.1205/026387602317446425,journal_article,2025,7.8,,manual_lookup,no,65,50,85,72.0,no,no,no,期刊IF>=6，满足第一批高质量筛选门槛,journal_article_candidate_after_auto_screening,,low_priority
paper_0028,CO-free production of hydrogen via stepwise steam reforming of methane,T.V. Choudhary,2000.0,Journal of Catalysis,10.1006/jcat.2000.2853,journal_article,2025,6.5,,manual_lookup,no,65,50,85,72.0,no,no,no,期刊IF>=6，满足第一批高质量筛选门槛,journal_article_candidate_after_auto_screening,,low_priority
paper_0190,Process analysis of solar steam reforming of methane for producing low-carbon hydrogen,Enkhbayar Shagdar,2020.0,RSC Advances,10.1039/c9ra09835f,journal_article,2025,4.6,,manual_lookup,no,65,100,55,67.0,no,yes,yes,期刊IF介于3和6之间，保留为中质量备选；更可能包含条件字段；更可能包含性能字段,journal_article_candidate_after_auto_screening,,medium_priority
paper_0066,Steam Reforming of Methane in a Membrane Reactor:  An Industrial Case Study,Fausto Gallucci,2006.0,Industrial & Engineering Chemistry Research,10.1021/ie058063j,journal_article,2025,3.9,,manual_lookup,no,65,100,55,67.0,no,yes,yes,期刊IF介于3和6之间，保留为中质量备选；更可能包含条件字段；更可能包含性能字段,journal_article_candidate_after_auto_screening,,medium_priority
paper_0186,Chemical looping steam reforming of methane over Ce-doped perovskites,Xianhua Zhang,2020.0,Chemical Engineering Science,10.1016/j.ces.2020.115707,journal_article,2025,4.3,,manual_lookup,no,65,50,55,57.0,no,no,no,期刊IF介于3和6之间，保留为中质量备选,journal_article_candidate_after_auto_screening,,low_priority
paper_0169,Methane dissociative adsorption in catalytic steam reforming of methane over Pd/CeO2 in an electric field,Satoshi Okada,2017.0,Catalysis Today,10.1016/j.cattod.2017.05.079,journal_article,2025,5.3,,manual_lookup,no,65,50,55,57.0,no,no,no,期刊IF介于3和6之间，保留为中质量备选,journal_article_candidate_after_auto_screening,,low_priority
paper_0130,Steam reforming of methane in a bench-scale membrane reactor at realistic working conditions,M. Šarić,2012.0,Catalysis Today,10.1016/j.cattod.2012.04.009,journal_article,2025,5.3,,manual_lookup,no,65,50,55,57.0,no,no,no,期刊IF介于3和6之间，保留为中质量备选,journal_article_candidate_after_auto_screening,,low_priority
paper_0086,Production of hydrogen by unmixed steam reforming of methane,Valerie Dupont,2008.0,Chemical Engineering Science,10.1016/j.ces.2008.02.015,journal_article,2025,4.3,,manual_lookup,no,65,50,55,57.0,no,no,no,期刊IF介于3和6之间，保留为中质量备选,journal_article_candidate_after_auto_screening,,low_priority
paper_0052,Additive effect of noble metals on NiO-MgO solid solution in oxidative steam reforming of methane under atmospheric and pressurized conditions,Mohammad Nurunnabi,2005.0,Applied Catalysis A General,10.1016/j.apcata.2005.10.020,journal_article,2025,4.8,,manual_lookup,no,65,50,55,57.0,no,no,no,期刊IF介于3和6之间，保留为中质量备选,journal_article_candidate_after_auto_screening,,low_priority
paper_0044,Novel circulating fast fluidized-bed membrane reformer for efficient production of hydrogen from steam reforming of methane,Zhongxiang Chen,2003.0,Chemical Engineering Science,10.1016/s0009-2509(03)00314-2,journal_article,2025,4.3,,manual_lookup,no,65,50,55,57.0,no,no,no,期刊IF介于3和6之间，保留为中质量备选,journal_article_candidate_after_auto_screening,,low_priority
paper_0033,Heterogeneous reactor modeling for simulation of catalytic oxidation and steam reforming of methane,Ahmet K. Avcı,2001.0,Chemical Engineering Science,10.1016/s0009-2509(00)00271-2,journal_article,2025,4.3,,manual_lookup,no,65,50,55,57.0,no,no,no,期刊IF介于3和6之间，保留为中质量备选,journal_article_candidate_after_auto_screening,,low_priority
paper_0025,A simulative comparison of dense and microporous membrane reactors for the steam reforming of methane,J.S. Oklany,1998.0,Applied Catalysis A General,10.1016/s0926-860x(98)00027-1,journal_article,2025,4.8,,manual_lookup,no,65,50,55,57.0,no,no,no,期刊IF介于3和6之间，保留为中质量备选,journal_article_candidate_after_auto_screening,,low_priority
paper_0020,Catalytic methane steam reforming: novel results,И. И. Боброва,1995.0,Catalysis Today,10.1016/0920-5861(95)00037-g,journal_article,2025,5.3,,manual_lookup,no,65,50,55,57.0,no,no,no,期刊IF介于3和6之间，保留为中质量备选,journal_article_candidate_after_auto_screening,,low_priority
paper_0022,Steam reforming of methane in a membrane reactor,Susanne Lægsgaard Jørgensen,1995.0,Catalysis Today,10.1016/0920-5861(95)00074-p,journal_article,2025,5.3,,manual_lookup,no,65,50,55,57.0,no,no,no,期刊IF介于3和6之间，保留为中质量备选,journal_article_candidate_after_auto_screening,,low_priority
paper_0019,Methane steam reforming in asymmetric Pd- and Pd-Ag/porous SS membrane reactors,Jun Shu,1994.0,Applied Catalysis A General,10.1016/0926-860x(94)85199-9,journal_article,2025,4.8,,manual_lookup,no,65,50,55,57.0,no,no,no,期刊IF介于3和6之间，保留为中质量备选,journal_article_candidate_after_auto_screening,,low_priority
paper_0016,A fluidized bed membrane reactor for the steam reforming of methane,Alaa-Eldin M. Adris,1991.0,The Canadian Journal of Chemical Engineering,10.1002/cjce.5450690504,journal_article,,,,,yes,65,80,0,35.5,no,no,yes,期刊IF缺失，需人工核查；更可能包含性能字段,journal_article_candidate_after_auto_screening,,low_priority
paper_0075,Membrane reactor performance of steam reforming of methane using hydrogen-permselective catalytic SiO2 membranes,Toshinori Tsuru,2007.0,Journal of Membrane Science,10.1016/j.memsci.2007.10.057,journal_article,,,,,yes,65,65,0,32.5,no,no,yes,期刊IF缺失，需人工核查；更可能包含性能字段,journal_article_candidate_after_auto_screening,,low_priority
paper_0172,Monolithic substrate support catalyst design considerations for steam methane reforming operation,Baharudin,2018.0,Reviews in Chemical Engineering,10.1515/revce-2016-0048,review,,,,,yes,65,60,0,31.5,no,yes,no,review仅作背景参考；期刊IF缺失，需人工核查；更可能包含条件字段,review_kept_separately_for_manual_flagging,review_background_only,low_priority
paper_0156,Thermodynamic analysis of steam reforming of methane with statistical approaches,Farshad Farshchi Tabrizi,2015.0,Energy Conversion and Management,10.1016/j.enconman.2015.07.005,journal_article,,,,,yes,65,50,0,29.5,no,no,no,期刊IF缺失，需人工核查,journal_article_candidate_after_auto_screening,,low_priority
paper_0104,Hydrogen and syngas production from two-step steam reforming of methane over CeO2-Fe2O3 oxygen carrier,Xing Zhu,2010.0,Journal of Rare Earths,10.1016/s1002-0721(09)60225-8,journal_article,,,,,yes,65,50,0,29.5,no,no,no,期刊IF缺失，需人工核查,journal_article_candidate_after_auto_screening,,low_priority
paper_0089,Inhibition of methane formation in steam reforming reactions through modification of Ni catalyst and the reactants,Hu,2009.0,Green Chemistry,10.1039/b814009j,journal_article,,,,,yes,65,50,0,29.5,no,no,no,期刊IF缺失，需人工核查,journal_article_candidate_after_auto_screening,,low_priority
paper_0061,Thin and dense Pd/CeO2/MPSS composite membrane for hydrogen separation and steam reforming of methane,Jianhua Tong,2005.0,Separation and Purification Technology,10.1016/j.seppur.2005.03.011,journal_article,,,,,yes,65,50,0,29.5,no,no,no,期刊IF缺失，需人工核查,journal_article_candidate_after_auto_screening,,low_priority
paper_0017,Solar steam reforming of methane,M. Böhmer,1991.0,Solar Energy Materials,10.1016/0165-1633(91)90081-u,journal_article,,,,,yes,65,50,0,29.5,no,no,no,期刊IF缺失，需人工核查,journal_article_candidate_after_auto_screening,,low_priority
paper_0015,Steam reforming of methane in a hydrogen-permeable membrane reactor,Shigeyuki Uemiya,1990.0,Applied Catalysis,10.1016/s0166-9834(00)84445-0,journal_article,,,,,yes,65,50,0,29.5,no,no,no,期刊IF缺失，需人工核查,journal_article_candidate_after_auto_screening,,low_priority
paper_0116,Methane Steam Reforming Reaction Behaviour in a Packed Bed Membrane Reactor,Chibane,2011.0,International Journal of Chemical Engineering and Applications,10.7763/ijcea.2011.v2.93,journal_article,,,,,yes,65,35,0,26.5,no,no,no,期刊IF缺失，需人工核查,journal_article_candidate_after_auto_screening,,low_priority
paper_0112,Hydrogen production from methane and natural gas steam reforming in conventional and microreactor reaction systems,Urko Izquierdo,2011.0,International Journal of Hydrogen Energy,10.1016/j.ijhydene.2011.11.048,journal_article,2025,8.3,,manual_lookup,no,55,65,85,72.0,no,no,yes,期刊IF>=6，满足第一批高质量筛选门槛；更可能包含性能字段,journal_article_candidate_after_auto_screening,,low_priority
paper_0011,Simulation of steam reformers for methane,M.A. Soliman,1988.0,Chemical Engineering Science,10.1016/0009-2509(88)87044-1,journal_article,2025,4.3,,manual_lookup,no,55,50,55,54.0,no,no,no,期刊IF介于3和6之间，保留为中质量备选,journal_article_candidate_after_auto_screening,,low_priority
paper_0018,Simulation of Properties of a Rectangular Wall Reactor. Steam reforming and combustion of methane.,Fukuhara,1993.0,KAGAKU KOGAKU RONBUNSHU,10.1252/kakoronbunshu.19.295,journal_article,,,,,yes,55,50,0,26.5,no,no,no,期刊IF缺失，需人工核查,journal_article_candidate_after_auto_screening,,low_priority
