paper_id,title,first_author,publication_year,journal,doi,document_type,relevance_score,extractability_score,priority_score,likely_ni_based,likely_contains_conditions,likely_contains_performance,final_priority_label,screening_notes
paper_0078,A Plate-Type Anodic Alumina Supported Nickel Catalyst for Methane Steam Reforming,Lu Zhou,2008,JOURNAL OF CHEMICAL ENGINEERING OF JAPAN,10.1252/jcej.07we182,journal_article,95,100,97.0,yes,yes,yes,top_priority,journal_article_candidate_after_auto_screening
paper_0079,"A novel catalyst with plate-type anodic alumina supports, Ni/NiAl2O4/γ-Al2O3/alloy, for steam reforming of methane",Lu Zhou,2008,Applied Catalysis A General,10.1016/j.apcata.2008.06.007,journal_article,95,100,97.0,yes,yes,yes,top_priority,journal_article_candidate_after_auto_screening
paper_0093,Ni@SiO<sub>2</sub>yolk-shell nanoreactor catalysts: High temperature stability and recyclability,Ji Chan Park,2009,Journal of Materials Chemistry,10.1039/b918446e,journal_article,95,100,97.0,yes,yes,yes,top_priority,journal_article_candidate_after_auto_screening
paper_0128,Perovskite NaCeTi<sub>2</sub>O<sub>6</sub>‐Supported Ni Catalysts for CH<sub>4</sub> Steam Reforming,Shenghong Zhang,2012,ChemCatChem,10.1002/cctc.201200239,journal_article,95,100,97.0,yes,yes,yes,top_priority,journal_article_candidate_after_auto_screening
paper_0138,Ni-Based Catalysts for Low Temperature Methane Steam Reforming: Recent Results on Ni-Au and Comparison with Other Bi-Metallic Systems,Hongjing Wu,2013,Catalysts,10.3390/catal3020563,journal_article,95,100,97.0,yes,yes,yes,top_priority,journal_article_candidate_after_auto_screening
paper_0143,Methane Steam Reforming over a Ni/NiAl<sub>2</sub>O<sub>4</sub> Model Catalyst—Kinetics,Sprung,2014,ChemCatChem,10.1002/cctc.201402017,journal_article,95,100,97.0,yes,yes,yes,top_priority,journal_article_candidate_after_auto_screening
paper_0171,Dual‐Function Cobalt–Nickel Nanoparticles Tailored for High‐Temperature Induction‐Heated Steam Methane Reforming,Morten G. Vinum,2018,Angewandte Chemie International Edition,10.1002/anie.201804832,journal_article,95,100,97.0,yes,yes,yes,top_priority,journal_article_candidate_after_auto_screening
paper_0179,Hydrogen Production via Low-Temperature Steam–Methane Reforming Using Ni–CeO<sub>2</sub>–Al<sub>2</sub>O<sub>3</sub> Hybrid Nanoparticle Clusters as Catalysts,Guan-Hung Lai,2019,ACS Applied Energy Materials,10.1021/acsaem.9b01444,journal_article,95,100,97.0,yes,yes,yes,top_priority,journal_article_candidate_after_auto_screening
paper_0194,Ni-based bimetallic nano-catalysts anchored on BaZr<sub>0.4</sub>Ce<sub>0.4</sub>Y<sub>0.1</sub>Yb<sub>0.1</sub>O<sub>3−δ</sub> for internal steam reforming of methane in a low-temperature proton-conducting ceramic fuel cell,Kyungpyo Hong,2021,Journal of Materials Chemistry A,10.1039/d0ta11359j,journal_article,95,100,97.0,yes,yes,yes,top_priority,journal_article_candidate_after_auto_screening
paper_0203,Hydrogen-Rich Syngas Production via Dry and Steam Reforming of Methane in Simulated Producer Gas over ZSM-5-Supported Trimetallic Catalysts,John T. Iminabo,2023,Energies,10.3390/en16227518,journal_article,95,100,97.0,yes,yes,yes,top_priority,journal_article_candidate_after_auto_screening
paper_0220,"Structural Changes of Ni and Ni–Pt Methane Steam Reforming Catalysts During Activation, Reaction, and Deactivation Under Dynamic Reaction Conditions",Enrico Tusini,2024,ACS Catalysis,10.1021/acscatal.3c05847,journal_article,95,100,97.0,yes,yes,yes,top_priority,journal_article_candidate_after_auto_screening
paper_0221,"Support effect in Ni-based catalysts for methane steam reforming: Role of MxOy-Al2O3 (M = Ni, Mg, Co) supports for enhanced catalyst stability",Yi Lin,2025,Fuel Processing Technology,10.1016/j.fuproc.2025.108325,journal_article,95,100,97.0,yes,yes,yes,top_priority,journal_article_candidate_after_auto_screening
paper_0002,Mechanism of the steam reforming of methane over a coprecipitated nickel-alumina catalyst,J.R.H. Ross,1973,Journal of the Chemical Society Faraday Transactions 1 Physical Chemistry in Condensed Phases,10.1039/f19736900010,journal_article,95,85,91.0,yes,yes,no,top_priority,journal_article_candidate_after_auto_screening
paper_0159,Effect of calcination temperature on stability and activity of Ni/MgAl2O4 catalyst for steam reforming of methane at high pressure condition,Sanjay Katheria,2016,International Journal of Hydrogen Energy,10.1016/j.ijhydene.2016.05.109,journal_article,95,85,91.0,yes,yes,yes,top_priority,journal_article_candidate_after_auto_screening
paper_0166,Effect of Pt doping on activity and stability of Ni/MgAl2O4 catalyst for steam reforming of methane at ambient and high pressure condition,Vinod Kumar Jaiswar,2017,International Journal of Hydrogen Energy,10.1016/j.ijhydene.2017.06.096,journal_article,95,85,91.0,yes,yes,yes,top_priority,journal_article_candidate_after_auto_screening
paper_0080,Effect of Ce<sub><i>x</i></sub>Zr<sub>1-<i>x</i></sub>O<sub>2</sub> Promoter on Ni-Based SBA-15 Catalyst for Steam Reforming of Methane,Kai Wang,2008,Energy & Fuels,10.1021/ef800553b,journal_article,95,80,89.0,yes,no,yes,top_priority,journal_article_candidate_after_auto_screening
paper_0119,Progresses in the Preparation of Coke Resistant Ni‐based Catalyst for Steam and CO<sub>2</sub> Reforming of Methane,Changjun Liu,2011,ChemCatChem,10.1002/cctc.201000358,journal_article,95,80,89.0,yes,no,yes,top_priority,journal_article_candidate_after_auto_screening
paper_0023,Simultaneous Carbon Dioxide and Steam Reforming of Methane to Syngas over NiO−CaO Catalyst,Vasant R. Choudhary,1996,Industrial & Engineering Chemistry Research,10.1021/ie960002l,journal_article,75,100,85.0,no,yes,yes,top_priority,journal_article_candidate_after_auto_screening
paper_0046,Steam reforming of methane and water‐gas shift in catalytic wall reactors,Kartik Venkataraman,2003,AIChE Journal,10.1002/aic.690490518,journal_article,75,100,85.0,no,yes,yes,top_priority,journal_article_candidate_after_auto_screening
paper_0047,Steam reforming of methane over nickel catalysts at low reaction temperature,Yasuyuki Matsumura,2003,Applied Catalysis A General,10.1016/j.apcata.2003.08.009,journal_article,95,70,85.0,yes,yes,no,top_priority,journal_article_candidate_after_auto_screening
paper_0054,Experimental Study of Steam Reforming of Methane in a Thin (6 μM) Pd-Based Membrane Reactor,Jianhua Tong,2005,Industrial & Engineering Chemistry Research,10.1021/ie049115s,journal_article,75,100,85.0,no,yes,yes,medium_priority,journal_article_candidate_after_auto_screening
paper_0077,effectiveness of dolomite and Ni-catalyst mixtures for pure H 2 production by methane steam reforming via CO 2 capture,Seitkaliyeva,2007,Diffusion Fundamentals,10.62721/diffusion-fundamentals.7.149,journal_article,75,100,85.0,no,yes,yes,medium_priority,journal_article_candidate_after_auto_screening
paper_0082,Hydrogen Production from Methane and Water on Platinum Loaded Titanium Oxide Photocatalysts,Hisao Yoshida,2008,The Journal of Physical Chemistry C,10.1021/jp077314u,journal_article,75,100,85.0,no,yes,yes,medium_priority,journal_article_candidate_after_auto_screening
paper_0084,Millisecond Methane Steam Reforming Via Process and Catalyst Intensification,Georgios D. Stefanidis,2008,Chemical Engineering & Technology,10.1002/ceat.200800237,journal_article,75,100,85.0,no,yes,yes,medium_priority,journal_article_candidate_after_auto_screening
paper_0103,H2 production by low pressure methane steam reforming in a Pd–Ag membrane reactor over a Ni-based catalyst: Experimental and modeling,Adolfo Iulianelli,2010,International Journal of Hydrogen Energy,10.1016/j.ijhydene.2010.06.049,journal_article,95,70,85.0,yes,yes,no,medium_priority,journal_article_candidate_after_auto_screening
paper_0106,Photocatalytic Steam Reforming of Methane over Sodium Tantalate,Katsuya Shimura,2010,The Journal of Physical Chemistry C,10.1021/jp902761x,journal_article,75,100,85.0,no,yes,yes,medium_priority,journal_article_candidate_after_auto_screening
paper_0108,Study on Ni-based monolithic catalysts modified with La for steam reforming of methane,Dawen Wang,2010,Natural Gas Chemical Industry,,journal_article,95,70,85.0,yes,no,yes,medium_priority,journal_article_candidate_after_auto_screening
paper_0133,Comparative Study on Steam and Oxidative Steam Reforming of Methane with Noble Metal Catalysts,Um‐e‐Salma Amjad,2013,Industrial & Engineering Chemistry Research,10.1021/ie400679h,journal_article,75,100,85.0,no,yes,yes,medium_priority,journal_article_candidate_after_auto_screening
paper_0151,Ni/TiO2 for low temperature steam reforming of methane,Ee Teng Kho,2015,Chemical Engineering Science,10.1016/j.ces.2015.10.021,journal_article,95,70,85.0,yes,yes,no,medium_priority,journal_article_candidate_after_auto_screening
paper_0175,A thermo-photo hybrid process for steam reforming of methane: highly efficient visible light photocatalysis,Bing Han,2019,Chemical Communications,10.1039/c9cc04193a,journal_article,75,100,85.0,no,yes,yes,medium_priority,journal_article_candidate_after_auto_screening
paper_0176,Bench-Scale Steam Reforming of Methane for Hydrogen Production,Hae‐Gu Park,2019,Catalysts,10.3390/catal9070615,journal_article,75,100,85.0,no,yes,yes,medium_priority,journal_article_candidate_after_auto_screening
paper_0191,Supported catalysts for induction-heated steam reforming of methane,Canio Scarfiello,2020,International Journal of Hydrogen Energy,10.1016/j.ijhydene.2020.09.262,journal_article,75,100,85.0,no,yes,yes,medium_priority,journal_article_candidate_after_auto_screening
paper_0008,"Activity, FTIR studies and catalyst characterization during methane steam reforming on Ni/Y-zeolite catalysts",Al-Ubaid,1987,Applied Catalysis,10.1016/s0166-9834(00)82450-1,journal_article,95,65,83.0,yes,no,yes,medium_priority,journal_article_candidate_after_auto_screening
paper_0013,"Methane steam reforming, methanation and water‐gas shift: I. Intrinsic kinetics",Jianguo Xu,1989,AIChE Journal,10.1002/aic.690350109,journal_article,95,65,83.0,yes,no,no,medium_priority,journal_article_candidate_after_auto_screening
paper_0036,Methane-Steam Reforming over Ni/Al2O3 Catalyst Prepared Using W/O Microemulsion,Hayashi,2001,Chemistry Letters,10.1246/cl.2001.34,journal_article,85,80,83.0,yes,no,yes,medium_priority,journal_article_candidate_after_auto_screening
paper_0039,Highly Active and Stable All-Round Catalyst for Methane Reforming Reactions: Ni/Ce-ZrO<sub>2</sub>/θ-Al<sub>2</sub>O<sub>3</sub>,"Rho, Hyun-Seog;Jun, Ki-Won;Baek, Seung-Chan;Park, Sang-Eon;",2002,Bulletin of the Korean Chemical Society,10.5012/bkcs.2002.23.6.793,journal_article,95,65,83.0,yes,no,no,medium_priority,journal_article_candidate_after_auto_screening
paper_0051,A Comparison of Oxygen-vacancy Effect on Activity Behaviors of Carbon Dioxide and Steam Reforming of Methane over Supported Nickel Catalysts,Ta-Jen Huang,2005,Catalysis Letters,10.1007/s10562-005-8697-2,journal_article,95,65,83.0,yes,no,yes,medium_priority,journal_article_candidate_after_auto_screening
paper_0053,Catalytic activities and coking resistance of Ni/perovskites in steam reforming of methane,Kohei Urasaki,2005,Applied Catalysis A General,10.1016/j.apcata.2005.02.020,journal_article,95,65,83.0,yes,no,yes,medium_priority,journal_article_candidate_after_auto_screening
paper_0058,"Methane steam reforming over Ni/Ce–ZrO2 catalyst: Influences of Ce–ZrO2 support on reactivity, resistance toward carbon formation, and intrinsic reaction kinetics",Navadol Laosiripojana,2005,Applied Catalysis A General,10.1016/j.apcata.2005.05.026,journal_article,95,65,83.0,yes,no,yes,medium_priority,journal_article_candidate_after_auto_screening
paper_0134,Effect of Nickel-Alumina Nanoparticle Catalyst on the Performance of Methane Steam Reforming Process,Rohani,2013,American Journal of Nanoscience and Nanotechnology,10.11648/j.nano.20130103.13,journal_article,95,65,83.0,yes,no,yes,medium_priority,journal_article_candidate_after_auto_screening
paper_0150,Hydrogen production by steam reforming of methane over mixed Ni/MgAl + CrFe 3 O 4 catalysts,Na Young Kim,2015,International Journal of Hydrogen Energy,10.1016/j.ijhydene.2015.06.104,journal_article,95,65,83.0,yes,no,yes,medium_priority,journal_article_candidate_after_auto_screening
paper_0180,Hydrogen production by steam reforming of methane over nickel based structured catalysts supported on calcium aluminate modified SiC,Young Su Noh,2019,International Journal of Hydrogen Energy,10.1016/j.ijhydene.2019.04.287,journal_article,95,65,83.0,yes,no,yes,medium_priority,journal_article_candidate_after_auto_screening
paper_0066,Steam Reforming of Methane in a Membrane Reactor:  An Industrial Case Study,Fausto Gallucci,2006,Industrial & Engineering Chemistry Research,10.1021/ie058063j,journal_article,65,100,79.0,no,yes,yes,medium_priority,journal_article_candidate_after_auto_screening
paper_0074,Kinetic Analysis of the Catalyst and Nonthermal Plasma Hybrid Reaction for Methane Steam Reforming,Tomohiro Nozaki,2007,Energy & Fuels,10.1021/ef070117+,journal_article,75,85,79.0,no,yes,no,medium_priority,journal_article_candidate_after_auto_screening
paper_0149,Development of catalysts for hydrogen production through the integration of steam reforming of methane and high temperature water gas shift,Trevor L. LeValley,2015,Energy,10.1016/j.energy.2015.07.106,journal_article,75,85,79.0,no,yes,yes,medium_priority,journal_article_candidate_after_auto_screening
paper_0161,Kinetic assessment of Ni-based catalysts in low-temperature methane/biogas steam reforming,Luca Turchetti,2016,International Journal of Hydrogen Energy,10.1016/j.ijhydene.2016.07.245,journal_article,85,70,79.0,yes,yes,no,medium_priority,journal_article_candidate_after_auto_screening
paper_0190,Process analysis of solar steam reforming of methane for producing low-carbon hydrogen,Enkhbayar Shagdar,2020,RSC Advances,10.1039/c9ra09835f,journal_article,65,100,79.0,no,yes,yes,medium_priority,journal_article_candidate_after_auto_screening
paper_0003,Evidence for the participation of surface nickel aluminate sites in the steam reforming of methane over nickel/alumina catalysts,J.R.H. Ross,1978,Journal of Catalysis,10.1016/0021-9517(78)90142-2,journal_article,95,50,77.0,yes,no,no,medium_priority,journal_article_candidate_after_auto_screening
paper_0004,"Kinetics of the steam reforming of methane with iron, nickel, and iron-nickel alloys as catalysts",Petra Münster,1981,Journal of Catalysis,10.1016/0021-9517(81)90010-5,journal_article,95,50,77.0,yes,no,no,medium_priority,journal_article_candidate_after_auto_screening
paper_0006,Sulfur-passivated nickel catalysts for carbon-free steam reforming of methane,J.R. Rostrup-Nielsen,1984,Journal of Catalysis,10.1016/0021-9517(84)90107-6,journal_article,95,50,77.0,yes,no,no,medium_priority,journal_article_candidate_after_auto_screening
paper_0012,Steam reforming of methane on reduced non-stoichiometric nickel aluminate catalysts,A.S. Al-Ubaid,1988,Applied Catalysis,10.1016/s0166-9834(00)80427-3,journal_article,95,50,77.0,yes,no,no,medium_priority,journal_article_candidate_after_auto_screening
paper_0029,Kinetics of internal steam reforming of methane on Ni/YSZ-based anodes for solid oxide fuel cells,Khaliq Ahmed,2000,Catalysis Today,10.1016/s0920-5861(00)00494-6,journal_article,95,50,77.0,yes,no,no,medium_priority,journal_article_candidate_after_auto_screening
paper_0031,Stoichiometric consideration of steam reforming of methane on Ni/Al2O3 catalyst at 650°C by using a solar furnace simulator,Yokota,2000,International Journal of Hydrogen Energy,10.1016/s0360-3199(99)00011-7,journal_article,95,50,77.0,yes,no,no,medium_priority,journal_article_candidate_after_auto_screening
paper_0037,The kinetics of methane steam reforming over a Ni/α-Al2O catalyst,Kaihu Hou,2001,Chemical Engineering Journal,10.1016/s1385-8947(00)00367-3,journal_article,95,50,77.0,yes,no,no,medium_priority,journal_article_candidate_after_auto_screening
paper_0040,Hydrogen from step-wise steam reforming of methane over Ni/ZrO2: factors affecting catalytic methane decomposition and gasification by steam of carbon formed on the catalyst,Choudhary,2002,Applied Catalysis A: General,10.1016/s0926-860x(02)00232-6,journal_article,95,50,77.0,yes,no,no,medium_priority,journal_article_candidate_after_auto_screening
paper_0055,Hydrotalcite as CO<sub>2</sub> Sorbent for Sorption-Enhanced Steam Reforming of Methane,Hendricus Th. J. Reijers,2005,Industrial & Engineering Chemistry Research,10.1021/ie050563p,journal_article,75,80,77.0,no,no,yes,medium_priority,journal_article_candidate_after_auto_screening
paper_0056,Kinetic and modelling study of methane steam reforming over sulfide nickel catalyst on a gamma alumina support,D.L. Hoang,2005,Chemical Engineering Journal,10.1016/j.cej.2005.06.004,journal_article,95,50,77.0,yes,no,no,medium_priority,journal_article_candidate_after_auto_screening
paper_0060,Steam reforming of methane over unsupported nickel catalysts,Souad Rakass,2005,Journal of Power Sources,10.1016/j.jpowsour.2005.09.019,journal_article,95,50,77.0,yes,no,no,medium_priority,journal_article_candidate_after_auto_screening
paper_0070,Theoretical and experimental study of methane steam reforming reactions over nickel catalyst,Carolina Pistonesi,2006,Applied Surface Science,10.1016/j.apsusc.2006.09.054,journal_article,95,50,77.0,yes,no,no,medium_priority,journal_article_candidate_after_auto_screening
paper_0073,Effect of Ni Loading and CexZri-xO2 Promoter on Ni-Based SBA-15 Catalysts for Steam Reforming of Methane,Huijun Wan,2007,Journal of Natural Gas Chemistry,10.1016/s1003-9953(07)60039-5,journal_article,95,50,77.0,yes,no,no,medium_priority,journal_article_candidate_after_auto_screening
paper_0206,Nickel based catalysts supported on porous support for methane steam reforming: potential and short review,Mawar Hasyikin Abu Seman,2023,IOP Conference Series Earth and Environmental Science,10.1088/1755-1315/1151/1/012061,review,95,75,87.0,yes,yes,yes,low_priority,review_kept_separately_for_manual_flagging
paper_0209,Syngas production via combined dry and steam reforming methane over Ni-based catalyst: A review,S.F. AHMAD,2023,Materials research proceedings,10.21741/9781644902516-3,review,95,75,87.0,yes,yes,yes,low_priority,review_kept_separately_for_manual_flagging
paper_0185,A Short Review on Ni Based Catalysts and Related Engineering Issues for Methane Steam Reforming,Eugenio Meloni,2020,Catalysts,10.3390/catal10030352,review,95,55,79.0,yes,no,yes,low_priority,review_kept_separately_for_manual_flagging
paper_0096,Steam reforming of methane to hydrogen over Ni-based metal monolith catalysts,Pingyi Wu,2009,Catalysis Today,10.1016/j.cattod.2009.01.031,journal_article,95,50,77.0,yes,no,no,low_priority,journal_article_candidate_after_auto_screening
paper_0101,Effect of nickel nano-particle sintering on methane reforming activity of Ni-CGO cermet anodes for internal steam reforming SOFCs,D. Hari Prasad,2010,Applied Catalysis B: Environmental,10.1016/j.apcatb.2010.10.026,journal_article,85,65,77.0,yes,no,yes,low_priority,journal_article_candidate_after_auto_screening
paper_0105,Kinetic of methane steam reforming reaction over nickel- and rhodium-based catalysts,M. Zeppieri,2010,Applied Catalysis A General,10.1016/j.apcata.2010.08.017,journal_article,95,50,77.0,yes,no,no,low_priority,journal_article_candidate_after_auto_screening
paper_0109,Suppression of carbon formation in steam reforming of methane by addition of Co into Ni/ZrO2 catalysts,D. Harshini,2010,Korean Journal of Chemical Engineering,10.1007/s11814-010-0095-9,journal_article,95,50,77.0,yes,no,no,low_priority,journal_article_candidate_after_auto_screening
paper_0111,Carbon formation and steam reforming of methane on silica supported nickel catalysts,Xueyan Guo,2011,Catalysis Communications,10.1016/j.catcom.2011.12.031,journal_article,95,50,77.0,yes,no,no,low_priority,journal_article_candidate_after_auto_screening
paper_0115,Methane Steam Reforming Over Ni/NiAl2O4 Catalyst: The Effect of Steam-to-Methane Ratio,Sprung,2011,Topics in Catalysis,10.1007/s11244-011-9726-6,journal_article,95,50,77.0,yes,no,no,low_priority,journal_article_candidate_after_auto_screening
paper_0120,Ru/Ni/MgAl2O4 catalysts for steam reforming of methane: effects of Ru content on self-activation property,Seung-Chan Baek,2011,Research on Chemical Intermediates,10.1007/s11164-011-0462-0,journal_article,95,50,77.0,yes,no,no,low_priority,journal_article_candidate_after_auto_screening
paper_0121,Steam Reforming of Methane Over Nickel: Development of a Multi-Step Surface Reaction Mechanism,Lubow Maier,2011,Topics in Catalysis,10.1007/s11244-011-9702-1,journal_article,95,50,77.0,yes,no,no,low_priority,journal_article_candidate_after_auto_screening
paper_0136,Methane Steam Reforming Kinetics on a Ni/Mg/K/Al2O3 Catalyst,Robinson,2013,Topics in Catalysis,10.1007/s11244-013-0106-2,journal_article,95,50,77.0,yes,no,no,low_priority,journal_article_candidate_after_auto_screening
paper_0137,New synthesis strategies for Ni/Al2O3-Sil-1 core–shell catalysts for steam reforming of methane,Jian Zhang,2013,Catalysis Today,10.1016/j.cattod.2013.10.068,journal_article,95,50,77.0,yes,no,no,low_priority,journal_article_candidate_after_auto_screening
paper_0147,Tuning the Performance of Ni‐Based Catalyst by Doping Coinage Metal on Steam Reforming of Methane and Carbon‐Tolerance,M. Wang,2014,Fuel Cells,10.1002/fuce.201300254,journal_article,75,80,77.0,no,no,yes,low_priority,journal_article_candidate_after_auto_screening
paper_0155,Steam reforming of methane over Ni/SiO2 catalyst with enhanced coke resistance at low steam to methane ratio,Yao Zhang,2015,Catalysis Today,10.1016/j.cattod.2015.01.016,journal_article,95,50,77.0,yes,no,no,low_priority,journal_article_candidate_after_auto_screening
paper_0157,Characterization and performance evaluation of Ni-based catalysts with Ce promoter for methane and hydrocarbons steam reforming process,Xia Yang,2016,Fuel,10.1016/j.fuel.2016.03.104,journal_article,85,65,77.0,yes,no,yes,low_priority,journal_article_candidate_after_auto_screening
paper_0187,Kinetics of steam reforming of methane on Rh–Ni/MgAl2O4 catalyst,Katheria,2020,"Reaction Kinetics, Mechanisms and Catalysis",10.1007/s11144-020-01767-y,journal_article,95,50,77.0,yes,no,no,low_priority,journal_article_candidate_after_auto_screening
paper_0195,"Ni/LaBO3 (B = Al, Cr, Fe) Catalysts for Steam Reforming of Methane (SRM): On the Interaction Between Ni and LaBO3 Perovskites with Differed Fine Structures",Menghe Yang,2021,Catalysis Surveys from Asia,10.1007/s10563-021-09343-7,journal_article,95,50,77.0,yes,no,no,low_priority,journal_article_candidate_after_auto_screening
paper_0199,Hollow sphere Ni-based catalysts promoted with cerium for steam reforming of methane,Maryam Meshksar,2022,Journal of the Energy Institute,10.1016/j.joei.2022.10.006,journal_article,95,50,77.0,yes,no,no,low_priority,journal_article_candidate_after_auto_screening
paper_0204,Nanoparticle Mobility and Coalescence During Sintering of a Ni/MgAl2O4 Methane Steam Reforming Catalyst,Hansen,2023,Microscopy and Microanalysis,10.1093/micmic/ozad067.831,journal_article,95,50,77.0,yes,no,no,low_priority,journal_article_candidate_after_auto_screening
paper_0205,Ni/Al2O3 supported on cordierite monoliths for methane steam reforming: Influence of catalyst coating methodology,Pereira,2023,Catalysis Communications,10.1016/j.catcom.2023.106759,journal_article,95,50,77.0,yes,no,no,low_priority,journal_article_candidate_after_auto_screening
paper_0208,Steam reforming of methane over nickel-aluminum spinel-derived catalyst,Xi Ding,2023,International Journal of Hydrogen Energy,10.1016/j.ijhydene.2023.09.167,journal_article,95,50,77.0,yes,no,no,low_priority,journal_article_candidate_after_auto_screening
paper_0222,AI-Driven Catalyst Optimization in Methane Steam Reforming: A Hybrid HGBO–VIKOR and ConvLSTM Framework for Sustainable Hydrogen Production,Qahtani,2026,Sustainability,10.3390/su18083717,journal_article,75,80,77.0,no,no,yes,low_priority,journal_article_candidate_after_auto_screening
paper_0049,Methane steam reforming over Ce–ZrO2-supported noble metal catalysts at low temperature,Katsuki Kusakabe,2004,Fuel Processing Technology,10.1016/j.fuproc.2004.05.003,journal_article,75,70,73.0,no,yes,no,low_priority,journal_article_candidate_after_auto_screening
paper_0113,Low temperature steam reforming of methane over Ni–Ce(1−)Zr()O2 catalysts under severe conditions,Hyun‐Seog Roh,2011,Renewable Energy,10.1016/j.renene.2011.08.013,journal_article,75,70,73.0,no,yes,no,low_priority,journal_article_candidate_after_auto_screening
paper_0114,Low temperature steam reforming of methane over metal catalyst supported on CexZr1−xO2 in an electric field,Yasushi Sekine,2011,Catalysis Today,10.1016/j.cattod.2011.03.076,journal_article,75,70,73.0,no,yes,no,low_priority,journal_article_candidate_after_auto_screening
paper_0125,Thermodynamic and experimental study of combined dry and steam reforming of methane on Ru/ ZrO2-La2O3 catalyst at low temperature,M.A. Soria,2011,International Journal of Hydrogen Energy,10.1016/j.ijhydene.2011.08.117,journal_article,75,70,73.0,no,yes,no,low_priority,journal_article_candidate_after_auto_screening
paper_0135,Low temperature hydrogen production by catalytic steam reforming of methane in an electric field,Kazumasa Oshima,2013,International Journal of Hydrogen Energy,10.1016/j.ijhydene.2012.12.069,journal_article,65,85,73.0,no,yes,yes,low_priority,journal_article_candidate_after_auto_screening
paper_0148,Catalyst development for steam reforming of methane and model biogas at low temperature,Sofia Angeli,2015,Applied Catalysis B: Environmental,10.1016/j.apcatb.2015.07.039,journal_article,75,70,73.0,no,yes,no,low_priority,journal_article_candidate_after_auto_screening
paper_0168,Low temperature steam reforming of methane using metal oxide promoted Ni-Ce0.8Zr0.2O2 catalysts in a compact reformer,Hak-Min Kim,2017,International Journal of Hydrogen Energy,10.1016/j.ijhydene.2017.11.058,journal_article,75,70,73.0,no,yes,no,low_priority,journal_article_candidate_after_auto_screening
paper_0005,On the nature of carbon in Ni/$alpha;-Al2O3 catalyst deactivated by the methane-steam reforming reaction,DEDEKEN,1981,Journal of Catalysis,10.1016/0021-9517(81)90332-8,journal_article,85,50,71.0,yes,no,no,low_priority,journal_article_candidate_after_auto_screening
paper_0007,Carbon deposition and methane steam reforming on silica-supported Ni$z.sbnd;Cu catalysts,C. A. Bernardo,1985,Journal of Catalysis,10.1016/0021-9517(85)90320-3,journal_article,75,65,71.0,no,no,yes,low_priority,journal_article_candidate_after_auto_screening
paper_0009,Catalytic deactivation of methane steam reforming catalysts. 1. Activation,M. Agnelli,1987,Industrial & Engineering Chemistry Research,10.1021/ie00068a037,journal_article,75,65,71.0,no,no,no,low_priority,journal_article_candidate_after_auto_screening
paper_0010,Catalytic deactivation on methane steam reforming catalysts. 2. Kinetic study,M. Agnelli,1987,Industrial & Engineering Chemistry Research,10.1021/ie00068a038,journal_article,75,65,71.0,no,no,no,low_priority,journal_article_candidate_after_auto_screening
paper_0016,A fluidized bed membrane reactor for the steam reforming of methane,Alaa-Eldin M. Adris,1991,The Canadian Journal of Chemical Engineering,10.1002/cjce.5450690504,journal_article,65,80,71.0,no,no,yes,low_priority,journal_article_candidate_after_auto_screening
paper_0021,Internal steam reforming of methane over Ni-based electrode in solid oxide fuel cells,V. D. Belyaev,1995,Applied Catalysis A General,10.1016/0926-860x(95)00184-0,journal_article,85,50,71.0,yes,no,no,low_priority,journal_article_candidate_after_auto_screening
paper_0027,"Activity of NiAl2O4 Catalyst for Steam Reforming of
                                                Methane Under Internal Reforming Fuel Cell
                                                Conditions",Kou,1999,ECS Proceedings Volumes,10.1149/199919.0640pv,journal_article,75,65,71.0,no,no,yes,low_priority,journal_article_candidate_after_auto_screening
paper_0041,The effect of CeO2 structure on the activity of supported Pd catalysts used for methane steam reforming,Radu Crăciun,2002,Applied Catalysis A General,10.1016/s0926-860x(01)01003-1,journal_article,75,65,71.0,no,no,yes,low_priority,journal_article_candidate_after_auto_screening
paper_0059,Performance of NiO–MgO solid solution-supported Pt catalysts in oxidative steam reforming of methane,Mohammad Nurunnabi,2005,Applied Catalysis A General,10.1016/j.apcata.2005.06.022,journal_article,75,65,71.0,no,no,yes,low_priority,journal_article_candidate_after_auto_screening
paper_0083,Methane steam reforming for hydrogen production using low water-ratios without carbon formation over ceria coated Ni catalysts,Jiahui Xu,2008,Applied Catalysis A General,10.1016/j.apcata.2008.02.044,journal_article,75,65,71.0,no,no,yes,low_priority,journal_article_candidate_after_auto_screening
paper_0094,Performance of La1−xCexFe0.7Ni0.3O3 perovskite catalysts for methane steam reforming,Sang Ok Choi,2009,Catalysis Today,10.1016/j.cattod.2009.02.023,journal_article,75,65,71.0,no,no,yes,low_priority,journal_article_candidate_after_auto_screening
paper_0099,Catalytic performance of Ni catalysts for steam reforming of methane at high space velocity,Xuli Zhai,2010,International Journal of Hydrogen Energy,10.1016/j.ijhydene.2010.10.053,journal_article,75,65,71.0,no,no,yes,low_priority,journal_article_candidate_after_auto_screening
paper_0102,Efficient Utilization of Greenhouse Gas in a Gas-to-Liquids Process Combined with Carbon Dioxide Reforming of Methane,Kyoung‐Su Ha,2010,Environmental Science & Technology,10.1021/es902784x,journal_article,75,65,71.0,no,no,no,low_priority,journal_article_candidate_after_auto_screening
paper_0124,Thermal and hydrothermal stability of a metal monolithic anodic alumina support for steam reforming of methane,Yu Guo,2011,Chemical Engineering Journal,10.1016/j.cej.2011.01.036,journal_article,75,65,71.0,no,no,yes,low_priority,journal_article_candidate_after_auto_screening
paper_0131,<i>In silico</i>search for novel methane steam reforming catalysts,Yue Xu,2013,New Journal of Physics,10.1088/1367-2630/15/12/125021,journal_article,75,65,71.0,no,no,no,low_priority,journal_article_candidate_after_auto_screening
paper_0160,"High catalytic activity and stability of ZnLaAlO4 supported Ni, Pt and Ru nanocatalysts applied in the dry, steam and combined dry-steam reforming of methane",Yasin Khani,2016,Chemical Engineering Journal,10.1016/j.cej.2016.04.108,journal_article,75,65,71.0,no,no,yes,low_priority,journal_article_candidate_after_auto_screening
paper_0193,Ultracompact methane steam reforming reactor based on microwaves susceptible structured catalysts for distributed hydrogen production,Eugenio Meloni,2020,International Journal of Hydrogen Energy,10.1016/j.ijhydene.2020.06.299,journal_article,75,65,71.0,no,no,yes,low_priority,journal_article_candidate_after_auto_screening
paper_0202,"Hydrogen production by steam reforming of methane over hollow, bulk, and co-precipitated Ni–Ce–Al2O3 catalysts: Optimization via design of experiments",Maryam Meshksar,2023,Journal of the Energy Institute,10.1016/j.joei.2023.101344,journal_article,75,65,71.0,no,no,yes,low_priority,journal_article_candidate_after_auto_screening
paper_0188,Modeling of low temperature steam reforming of flare gas to methane-rich fuel gas on Ni catalyst in different types of reactors,Shigarov,2020,Chemical Engineering Journal,10.1016/j.cej.2020.125313,journal_article,65,70,67.0,no,yes,no,low_priority,journal_article_candidate_after_auto_screening
paper_0014,Steam reforming of hydrocarbons on noble metal catalysts. (Part 8). Steam reforming of methane on supported ruthenium catalysts.,KIKUCHI,1990,Journal of The Japan Petroleum Institute,10.1627/jpi1958.33.152,journal_article,75,50,65.0,no,no,no,low_priority,journal_article_candidate_after_auto_screening
paper_0024,97/01138 Simultaneous carbon dioxide and steam reforming of methane to syngas over NiOCaO catalyst,,1997,Fuel and Energy Abstracts,10.1016/s0140-6701(97)82906-2,journal_article,75,50,65.0,no,no,no,low_priority,journal_article_candidate_after_auto_screening
paper_0026,Kinetic studies of methane steam reforming on ceria-supported Pd,Radu Crăciun,1998,Catalysis Letters,10.1023/a:1019022009310,journal_article,75,50,65.0,no,no,no,low_priority,journal_article_candidate_after_auto_screening
paper_0030,Steam reforming of methane in membrane reactors: comparison of electroless-plating and CVD membranes and catalyst packing modes,Eiichi Kikuchi,2000,Catalysis Today,10.1016/s0920-5861(99)00264-3,journal_article,75,50,65.0,no,no,no,low_priority,journal_article_candidate_after_auto_screening
paper_0032,Catalytic activity of Ni–YSZ–CeO2 anode for the steam reforming of methane in a direct internal-reforming solid oxide fuel cell,Nobuyoshi Nakagawa,2001,Journal of Power Sources,10.1016/s0378-7753(00)00508-5,journal_article,65,65,65.0,no,no,yes,low_priority,journal_article_candidate_after_auto_screening
paper_0034,Highly stable Ni catalyst supported on Ce–ZrO2 for oxy-steam reforming of methane,Hyun‐Seog Roh,2001,Catalysis Letters,10.1023/a:1016699317421,journal_article,75,50,65.0,no,no,no,low_priority,journal_article_candidate_after_auto_screening
paper_0048,Highly active and stable Rh/MgOAl2O3 catalysts for methane steam reforming,Y. Wang,2004,Catalysis Today,10.1016/j.cattod.2004.09.011,journal_article,75,50,65.0,no,no,no,low_priority,journal_article_candidate_after_auto_screening
paper_0050,05/00609 Dissociation of vibrationally excited methane on Ni catalyst: Part 1. application to methane steam reforming,,2005,Fuel and Energy Abstracts,10.1016/s0140-6701(05)80612-5,journal_article,75,50,65.0,no,no,no,low_priority,journal_article_candidate_after_auto_screening
paper_0057,Kinetics of steam reforming of methane on Ru/Al2O3 catalyst promoted with Mn oxides,Alexander Berman,2005,Applied Catalysis A General,10.1016/j.apcata.2004.12.003,journal_article,75,50,65.0,no,no,no,low_priority,journal_article_candidate_after_auto_screening
paper_0063,Cobalt catalysts prepared from hydrotalcite precursors and tested in methane steam reforming,Alessandra Fonseca Lucrédio,2006,Journal of Power Sources,10.1016/j.jpowsour.2005.10.108,journal_article,75,50,65.0,no,no,no,low_priority,journal_article_candidate_after_auto_screening
paper_0064,Ni-Cu/samaria-doped ceria catalysts for steam reforming of methane in the presence of carbon dioxide,Ta-Jen Huang,2006,Applied Catalysis A General,10.1016/j.apcata.2006.02.027,journal_article,75,50,65.0,no,no,no,low_priority,journal_article_candidate_after_auto_screening
paper_0065,Ru-doped Ni catalysts effective for the steam reforming of methane without the pre-reduction treatment with H2,Jin Hyeok Jeong,2006,Applied Catalysis A General,10.1016/j.apcata.2005.12.007,journal_article,75,50,65.0,no,no,no,low_priority,journal_article_candidate_after_auto_screening
paper_0067,Surface modification of Ni catalysts with trace Pd and Rh for oxidative steam reforming of methane,Yuya Mukainakano,2006,Applied Catalysis A General,10.1016/j.apcata.2006.11.017,journal_article,75,50,65.0,no,no,no,low_priority,journal_article_candidate_after_auto_screening
paper_0068,Surface modification of Ni catalysts with trace Pt for oxidative steam reforming of methane,B LI,2006,Journal of Catalysis,10.1016/j.jcat.2006.10.004,journal_article,75,50,65.0,no,no,no,low_priority,journal_article_candidate_after_auto_screening
paper_0069,The effect of ceria content on the properties of Pd/CeO2/Al2O3 catalysts for steam reforming of methane,L.S.F. Feio,2006,Applied Catalysis A General,10.1016/j.apcata.2006.09.032,journal_article,75,50,65.0,no,no,no,low_priority,journal_article_candidate_after_auto_screening
paper_0071,Alumina-supported Ni catalysts modified with silver for the steam reforming of methane: Effect of Ag on the control of coke formation,N.V. Parizotto,2007,Applied Catalysis A General,10.1016/j.apcata.2007.06.022,journal_article,75,50,65.0,no,no,no,low_priority,journal_article_candidate_after_auto_screening
paper_0072,Co/Al2O3 catalysts promoted with noble metals for production of hydrogen by methane steam reforming,Luciene Paula Roberto Profeti,2007,Fuel,10.1016/j.fuel.2007.10.015,journal_article,75,50,65.0,no,no,no,low_priority,journal_article_candidate_after_auto_screening
paper_0075,Membrane reactor performance of steam reforming of methane using hydrogen-permselective catalytic SiO2 membranes,Toshinori Tsuru,2007,Journal of Membrane Science,10.1016/j.memsci.2007.10.057,journal_article,65,65,65.0,no,no,yes,low_priority,journal_article_candidate_after_auto_screening
paper_0081,First principles calculations and experimental insight into methane steam reforming over transition metal catalysts,Gareth Jones,2008,Journal of Catalysis,10.1016/j.jcat.2008.08.003,journal_article,75,50,65.0,no,no,no,low_priority,journal_article_candidate_after_auto_screening
paper_0088,Comparative study of the kinetics of methane steam reforming on supported Ni and Sn/Ni alloy catalysts: The impact of the formation of Ni alloy on chemistry,Eranda Nikolla,2009,Journal of Catalysis,10.1016/j.jcat.2009.02.006,journal_article,75,50,65.0,no,no,no,low_priority,journal_article_candidate_after_auto_screening
paper_0091,Methane steam reforming in large pore catalyst,Eduardo L.G. Oliveira,2009,Chemical Engineering Science,10.1016/j.ces.2009.10.018,journal_article,75,50,65.0,no,no,no,low_priority,journal_article_candidate_after_auto_screening
paper_0092,Ni catalysts with Mo promoter for methane steam reforming,S.S. Maluf,2009,Fuel,10.1016/j.fuel.2009.03.025,journal_article,75,50,65.0,no,no,no,low_priority,journal_article_candidate_after_auto_screening
paper_0095,Preparation and characterization of Ru/MgO-Al2O3 catalysts for methane steam reforming,Luciene Santos Carvalho,2009,Catalysis Today,10.1016/j.cattod.2009.01.010,journal_article,75,50,65.0,no,no,no,low_priority,journal_article_candidate_after_auto_screening
paper_0097,Study of porous anodic alumina supported plate-type catalysts during daily start-up and shut-down operation of methane steam reforming,Lu Zhou,2009,Applied Catalysis A General,10.1016/j.apcata.2009.05.034,journal_article,75,50,65.0,no,no,no,low_priority,journal_article_candidate_after_auto_screening
paper_0098,CFD simulation with detailed chemistry of steam reforming of methane for hydrogen production in an integrated micro-reactor,Xuli Zhai,2010,International Journal of Hydrogen Energy,10.1016/j.ijhydene.2010.03.034,journal_article,65,65,65.0,no,no,yes,low_priority,journal_article_candidate_after_auto_screening
paper_0107,Preparation of supported Ni catalysts on various metal oxides with core/shell structures and their tests for the steam reforming of methane,Hyowon Kim,2010,Chemical Engineering Journal,10.1016/j.cej.2010.11.045,journal_article,75,50,65.0,no,no,no,low_priority,journal_article_candidate_after_auto_screening
paper_0118,Pilot Study on the Use of Methane Steam Reforming Catalyst in Molten Car-bonate Fuel Cell,LI,2011,CHINESE JOURNAL OF CATALYSIS (CHINESE VERSION),10.3724/sp.j.1088.2011.00637,journal_article,75,50,65.0,no,no,no,low_priority,journal_article_candidate_after_auto_screening
paper_0122,Steam reforming of methane over Ni catalyst in micro-channel reactor,Xuli Zhai,2011,International Journal of Hydrogen Energy,10.1016/j.ijhydene.2011.03.065,journal_article,75,50,65.0,no,no,no,low_priority,journal_article_candidate_after_auto_screening
paper_0123,Steam reforming of methane to syngas over NiAl2O4 spinel catalysts,N. Salhi,2011,International Journal of Hydrogen Energy,10.1016/j.ijhydene.2010.11.071,journal_article,75,50,65.0,no,no,no,low_priority,journal_article_candidate_after_auto_screening
paper_0129,Production of hydrogen by steam reforming of methane over alumina supported nano-NiO/SiO2 catalyst,Barnali Bej,2012,Catalysis Today,10.1016/j.cattod.2012.04.011,journal_article,75,50,65.0,no,no,no,low_priority,journal_article_candidate_after_auto_screening
paper_0139,Stable hydrogen production by methane steam reforming in a two zone fluidized bed reactor: Experimental assessment,Lucía C. Pérez-Moreno,2013,Journal of Power Sources,10.1016/j.jpowsour.2013.05.197,journal_article,65,65,65.0,no,no,yes,low_priority,journal_article_candidate_after_auto_screening
paper_0140,Catalyst design for methane steam reforming,Viswanathan Arcotumapathy,2014,Applied Catalysis A General,10.1016/j.apcata.2014.04.020,journal_article,75,50,65.0,no,no,no,low_priority,journal_article_candidate_after_auto_screening
paper_0141,Evaluation of the economic impact of hydrogen production by methane decomposition with steam reforming of methane process,Kartick C. Mondal,2014,International Journal of Hydrogen Energy,10.1016/j.ijhydene.2014.04.087,journal_article,65,65,65.0,no,no,yes,low_priority,journal_article_candidate_after_auto_screening
paper_0142,Highly active and stable MgAl2O4-supported Rh and Ir catalysts for methane steam reforming: A combined experimental and theoretical study,Donghai Mei,2014,Journal of Catalysis,10.1016/j.jcat.2014.04.021,journal_article,75,50,65.0,no,no,no,low_priority,journal_article_candidate_after_auto_screening
paper_0154,Ru–Ni Catalyst in the Combined Dry-Steam Reforming of Methane: The Importance in the Metal Order Addition,Andrea Álvarez Moreno,2015,Topics in Catalysis,10.1007/s11244-015-0426-5,journal_article,75,50,65.0,no,no,no,low_priority,journal_article_candidate_after_auto_screening
paper_0162,Microwave plasma-based method of hydrogen production via combined steam reforming of methane,Dariusz Czylkowski,2016,Energy,10.1016/j.energy.2016.07.088,journal_article,65,65,65.0,no,no,yes,low_priority,journal_article_candidate_after_auto_screening
paper_0165,Catalytic properties of a pure Ni coil catalyst for methane steam reforming,Hirano,2017,International Journal of Hydrogen Energy,10.1016/j.ijhydene.2017.10.135,journal_article,75,50,65.0,no,no,no,low_priority,journal_article_candidate_after_auto_screening
paper_0167,Innovative catalyst design for methane steam reforming intensification,Ricca,2017,Fuel,10.1016/j.fuel.2016.11.006,journal_article,75,50,65.0,no,no,no,low_priority,journal_article_candidate_after_auto_screening
paper_0181,Influence of the preparation method in the metal-support interaction and reducibility of Ni-Mg-Al based catalysts for methane steam reforming,Lola Azancot,2019,International Journal of Hydrogen Energy,10.1016/j.ijhydene.2019.05.167,journal_article,75,50,65.0,no,no,no,low_priority,journal_article_candidate_after_auto_screening
paper_0182,La-doped supported Ni catalysts for steam reforming of methane,Meriem Boudjeloud,2019,International Journal of Hydrogen Energy,10.1016/j.ijhydene.2019.01.140,journal_article,75,50,65.0,no,no,no,low_priority,journal_article_candidate_after_auto_screening
paper_0192,Syngas production via combined dry and steam reforming of methane over Ni-Ce/ZSM-5 catalyst,Ningbo Gao,2020,Fuel,10.1016/j.fuel.2020.117702,journal_article,75,50,65.0,no,no,no,low_priority,journal_article_candidate_after_auto_screening
paper_0196,Steam reforming of methane: Current states of catalyst design and process upgrading,Haotian Zhang,2021,Renewable and Sustainable Energy Reviews,10.1016/j.rser.2021.111330,journal_article,75,50,65.0,no,no,no,low_priority,journal_article_candidate_after_auto_screening
paper_0197,A two step Microwave-assisted coke resistant mesoporous Ni-Co catalyst for methane steam reforming,Etminan,2022,Fuel,10.1016/j.fuel.2021.122411,journal_article,75,50,65.0,no,no,no,low_priority,journal_article_candidate_after_auto_screening
paper_0200,In-situ catalytic upgrading of tar from integrated process of coal pyrolysis with steam reforming of methane over carbon based Ni catalyst,Zheng-wei WANG,2022,Journal of Fuel Chemistry and Technology,10.1016/s1872-5813(21)60169-x,journal_article,75,50,65.0,no,no,no,low_priority,journal_article_candidate_after_auto_screening
paper_0201,"Synthesis, application, and characteristics of mesoporous alumina as a support of promoted Ni-Co bimetallic catalysts in steam reforming of methane",Sara Zolghadri,2022,Fuel,10.1016/j.fuel.2022.127005,journal_article,75,50,65.0,no,no,no,low_priority,journal_article_candidate_after_auto_screening
paper_0210,"Synthesis, characterization, and application of bio-templated Ni–Ce/Al2O3 catalyst for clean H2 production in the steam reforming of methane process",Hadiseh Khosravani,2023,Journal of the Energy Institute,10.1016/j.joei.2023.101203,journal_article,75,50,65.0,no,no,no,low_priority,journal_article_candidate_after_auto_screening
paper_0172,Monolithic substrate support catalyst design considerations for steam methane reforming operation,Baharudin,2018,Reviews in Chemical Engineering,10.1515/revce-2016-0048,review,65,60,63.0,no,yes,no,low_priority,review_kept_separately_for_manual_flagging
paper_0217,"Review for ""Metallic nickel-anchored biochar with non-metallic heteroatom modification: remarkably effective catalyst for steam reforming of methane""",,2024,,10.1039/d4re00431k/v1/review2,review,95,10,61.0,yes,no,no,low_priority,review_kept_separately_for_manual_flagging
paper_0218,"Review for ""Metallic nickel-anchored biochar with non-metallic heteroatom modification: remarkably effective catalyst for steam reforming of methane""",,2024,,10.1039/d4re00431k/v1/review1,review,95,10,61.0,yes,no,no,low_priority,review_kept_separately_for_manual_flagging
paper_0219,"Review for ""Metallic nickel-anchored biochar with non-metallic heteroatom modification: remarkably effective catalyst for steam reforming of methane""",,2024,,10.1039/d4re00431k/v2/review1,review,95,10,61.0,yes,no,no,low_priority,review_kept_separately_for_manual_flagging
paper_0015,Steam reforming of methane in a hydrogen-permeable membrane reactor,Shigeyuki Uemiya,1990,Applied Catalysis,10.1016/s0166-9834(00)84445-0,journal_article,65,50,59.0,no,no,no,low_priority,journal_article_candidate_after_auto_screening
paper_0017,Solar steam reforming of methane,M. Böhmer,1991,Solar Energy Materials,10.1016/0165-1633(91)90081-u,journal_article,65,50,59.0,no,no,no,low_priority,journal_article_candidate_after_auto_screening
paper_0019,Methane steam reforming in asymmetric Pd- and Pd-Ag/porous SS membrane reactors,Jun Shu,1994,Applied Catalysis A General,10.1016/0926-860x(94)85199-9,journal_article,65,50,59.0,no,no,no,low_priority,journal_article_candidate_after_auto_screening
paper_0020,Catalytic methane steam reforming: novel results,И. И. Боброва,1995,Catalysis Today,10.1016/0920-5861(95)00037-g,journal_article,65,50,59.0,no,no,no,low_priority,journal_article_candidate_after_auto_screening
paper_0022,Steam reforming of methane in a membrane reactor,Susanne Lægsgaard Jørgensen,1995,Catalysis Today,10.1016/0920-5861(95)00074-p,journal_article,65,50,59.0,no,no,no,low_priority,journal_article_candidate_after_auto_screening
paper_0025,A simulative comparison of dense and microporous membrane reactors for the steam reforming of methane,J.S. Oklany,1998,Applied Catalysis A General,10.1016/s0926-860x(98)00027-1,journal_article,65,50,59.0,no,no,no,low_priority,journal_article_candidate_after_auto_screening
paper_0028,CO-free production of hydrogen via stepwise steam reforming of methane,T.V. Choudhary,2000,Journal of Catalysis,10.1006/jcat.2000.2853,journal_article,65,50,59.0,no,no,no,low_priority,journal_article_candidate_after_auto_screening
paper_0033,Heterogeneous reactor modeling for simulation of catalytic oxidation and steam reforming of methane,Ahmet K. Avcı,2001,Chemical Engineering Science,10.1016/s0009-2509(00)00271-2,journal_article,65,50,59.0,no,no,no,low_priority,journal_article_candidate_after_auto_screening
paper_0038,Catalyst Shape as a Design Parameter—Optimum Shape for Methane-Steam Reforming Catalyst,J.S. Soltan Mohammadzadeh,2002,Process Safety and Environmental Protection,10.1205/026387602317446425,journal_article,65,50,59.0,no,no,no,low_priority,journal_article_candidate_after_auto_screening
paper_0042,A simulation study of the steam reforming of methane in a dense tubular membrane reactor,Fausto Gallucci,2003,International Journal of Hydrogen Energy,10.1016/j.ijhydene.2003.08.003,journal_article,65,50,59.0,no,no,no,low_priority,journal_article_candidate_after_auto_screening
paper_0043,Catalytic steam reforming of methane over Ce0.9Gd0.1O2−,E. Ramı́rez-Cabrera,2003,Applied Catalysis B: Environmental,10.1016/j.apcatb.2003.08.008,journal_article,65,50,59.0,no,no,no,low_priority,journal_article_candidate_after_auto_screening
paper_0044,Novel circulating fast fluidized-bed membrane reformer for efficient production of hydrogen from steam reforming of methane,Zhongxiang Chen,2003,Chemical Engineering Science,10.1016/s0009-2509(03)00314-2,journal_article,65,50,59.0,no,no,no,low_priority,journal_article_candidate_after_auto_screening
paper_0045,Production of hydrogen-rich gases from steam reforming of methane in an automatic catalytic microreactor,Menderes Levent,2003,International Journal of Hydrogen Energy,10.1016/s0360-3199(02)00195-7,journal_article,65,50,59.0,no,no,no,low_priority,journal_article_candidate_after_auto_screening
paper_0052,Additive effect of noble metals on NiO-MgO solid solution in oxidative steam reforming of methane under atmospheric and pressurized conditions,Mohammad Nurunnabi,2005,Applied Catalysis A General,10.1016/j.apcata.2005.10.020,journal_article,65,50,59.0,no,no,no,low_priority,journal_article_candidate_after_auto_screening
paper_0061,Thin and dense Pd/CeO2/MPSS composite membrane for hydrogen separation and steam reforming of methane,Jianhua Tong,2005,Separation and Purification Technology,10.1016/j.seppur.2005.03.011,journal_article,65,50,59.0,no,no,no,low_priority,journal_article_candidate_after_auto_screening
paper_0076,Modeling and simulation of methane steam reforming in a thermally coupled membrane reactor,Kirtan Patel,2007,International Journal of Hydrogen Energy,10.1016/j.ijhydene.2007.03.004,journal_article,65,50,59.0,no,no,no,low_priority,journal_article_candidate_after_auto_screening
paper_0085,Olivine catalysts for methane- and tar-steam reforming,John N. Kuhn,2008,Applied Catalysis B: Environmental,10.1016/j.apcatb.2007.11.040,journal_article,65,50,59.0,no,no,no,low_priority,journal_article_candidate_after_auto_screening
paper_0086,Production of hydrogen by unmixed steam reforming of methane,Valerie Dupont,2008,Chemical Engineering Science,10.1016/j.ces.2008.02.015,journal_article,65,50,59.0,no,no,no,low_priority,journal_article_candidate_after_auto_screening
paper_0087,"Co/Mg/Al hydrotalcite-type precursor, promoted with La and Ce, studied by XPS and applied to methane steam reforming reactions",Alessandra Fonseca Lucrédio,2009,Applied Surface Science,10.1016/j.apsusc.2009.01.020,journal_article,65,50,59.0,no,no,no,low_priority,journal_article_candidate_after_auto_screening
paper_0089,Inhibition of methane formation in steam reforming reactions through modification of Ni catalyst and the reactants,Hu,2009,Green Chemistry,10.1039/b814009j,journal_article,65,50,59.0,no,no,no,low_priority,journal_article_candidate_after_auto_screening
paper_0090,Methane steam reforming in a microchannel reactor for GTL intensification: A computational fluid dynamics simulation study,Gurutze Arzamendi,2009,Chemical Engineering Journal,10.1016/j.cej.2009.01.035,journal_article,65,50,59.0,no,no,no,low_priority,journal_article_candidate_after_auto_screening
paper_0104,Hydrogen and syngas production from two-step steam reforming of methane over CeO2-Fe2O3 oxygen carrier,Xing Zhu,2010,Journal of Rare Earths,10.1016/s1002-0721(09)60225-8,journal_article,65,50,59.0,no,no,no,low_priority,journal_article_candidate_after_auto_screening
paper_0110,Thermodynamic equilibrium analysis of combined carbon dioxide reforming with steam reforming of methane to synthesis gas,Şeyma Özkara-Aydınoğlu,2010,International Journal of Hydrogen Energy,10.1016/j.ijhydene.2010.08.134,journal_article,65,50,59.0,no,no,no,low_priority,journal_article_candidate_after_auto_screening
paper_0112,Hydrogen production from methane and natural gas steam reforming in conventional and microreactor reaction systems,Urko Izquierdo,2011,International Journal of Hydrogen Energy,10.1016/j.ijhydene.2011.11.048,journal_article,55,65,59.0,no,no,yes,low_priority,journal_article_candidate_after_auto_screening
paper_0130,Steam reforming of methane in a bench-scale membrane reactor at realistic working conditions,M. Šarić,2012,Catalysis Today,10.1016/j.cattod.2012.04.009,journal_article,65,50,59.0,no,no,no,low_priority,journal_article_candidate_after_auto_screening
paper_0145,"Syngas production by methane oxy-steam reforming on Me/CeO2 (Me = Rh, Pt, Ni) catalyst lined on cordierite monoliths",Antonio Vita,2014,Applied Catalysis B: Environmental,10.1016/j.apcatb.2014.07.028,journal_article,65,50,59.0,no,no,no,low_priority,journal_article_candidate_after_auto_screening
paper_0146,Three-dimensionally ordered macroporous LaFeO3 perovskites for chemical-looping steam reforming of methane,Kun Zhao,2014,International Journal of Hydrogen Energy,10.1016/j.ijhydene.2013.12.046,journal_article,65,50,59.0,no,no,no,low_priority,journal_article_candidate_after_auto_screening
paper_0156,Thermodynamic analysis of steam reforming of methane with statistical approaches,Farshad Farshchi Tabrizi,2015,Energy Conversion and Management,10.1016/j.enconman.2015.07.005,journal_article,65,50,59.0,no,no,no,low_priority,journal_article_candidate_after_auto_screening
paper_0163,Modelling and simulation in conventional fixed-bed and fixed-bed membrane reactors for the steam reforming of methane,Jornandes Dias da Silva,2016,International Journal of Hydrogen Energy,10.1016/j.ijhydene.2016.01.083,journal_article,65,50,59.0,no,no,no,low_priority,journal_article_candidate_after_auto_screening
paper_0164,Ni–perovskite interaction and its structural and catalytic consequences in methane steam reforming and methanation reactions,Ramona Thalinger,2016,Journal of Catalysis,10.1016/j.jcat.2016.01.020,journal_article,65,50,59.0,no,no,no,low_priority,journal_article_candidate_after_auto_screening
paper_0169,Methane dissociative adsorption in catalytic steam reforming of methane over Pd/CeO2 in an electric field,Satoshi Okada,2017,Catalysis Today,10.1016/j.cattod.2017.05.079,journal_article,65,50,59.0,no,no,no,low_priority,journal_article_candidate_after_auto_screening
paper_0173,Real time optimization of steam reforming of methane in an industrial hydrogen plant,M. Taji,2018,International Journal of Hydrogen Energy,10.1016/j.ijhydene.2018.05.094,journal_article,65,50,59.0,no,no,no,low_priority,journal_article_candidate_after_auto_screening
paper_0184,Upgrading existing gas-steam combined cycle power plants through steam injection and methane steam reforming,Carapellucci,2019,Energy,10.1016/j.energy.2019.02.046,journal_article,65,50,59.0,no,no,no,low_priority,journal_article_candidate_after_auto_screening
paper_0186,Chemical looping steam reforming of methane over Ce-doped perovskites,Xianhua Zhang,2020,Chemical Engineering Science,10.1016/j.ces.2020.115707,journal_article,65,50,59.0,no,no,no,low_priority,journal_article_candidate_after_auto_screening
paper_0207,Recent advances in the catalysis of steam reforming of methane (SRM),Joshua O. Ighalo,2023,International Journal of Hydrogen Energy,10.1016/j.ijhydene.2023.10.177,journal_article,65,50,59.0,no,no,no,low_priority,journal_article_candidate_after_auto_screening
paper_0211,Catalytic evaluation of Ni–3%Sr-/MCM-41 in dry and steam reforming of methane,Motahareh Hasani Estalkhi,2024,International Journal of Hydrogen Energy,10.1016/j.ijhydene.2024.04.347,journal_article,65,50,59.0,no,no,no,low_priority,journal_article_candidate_after_auto_screening
paper_0001,Influence of Catalytic Supports on Methane Steam Reforming: A Short Review,Gebreel,,,10.31219/osf.io/6du2j,review,75,25,55.0,no,no,no,low_priority,review_kept_separately_for_manual_flagging
paper_0213,"Review for ""Effect of ceria morphology on hydrogen production via methane steam reforming for membrane reformer""",,2024,,10.1002/cjce.25396/v2/review2,review,75,25,55.0,no,no,yes,low_priority,review_kept_separately_for_manual_flagging
paper_0214,"Review for ""Effect of ceria morphology on hydrogen production via methane steam reforming for membrane reformer""",,2024,,10.1002/cjce.25396/v1/review1,review,75,25,55.0,no,no,yes,low_priority,review_kept_separately_for_manual_flagging
paper_0215,"Review for ""Effect of ceria morphology on hydrogen production via methane steam reforming for membrane reformer""",,2024,,10.1002/cjce.25396/v1/review2,review,75,25,55.0,no,no,yes,low_priority,review_kept_separately_for_manual_flagging
paper_0216,"Review for ""Effect of ceria morphology on hydrogen production via methane steam reforming for membrane reformer""",,2024,,10.1002/cjce.25396/v2/review1,review,75,25,55.0,no,no,yes,low_priority,review_kept_separately_for_manual_flagging
paper_0011,Simulation of steam reformers for methane,M.A. Soliman,1988,Chemical Engineering Science,10.1016/0009-2509(88)87044-1,journal_article,55,50,53.0,no,no,no,low_priority,journal_article_candidate_after_auto_screening
paper_0018,Simulation of Properties of a Rectangular Wall Reactor. Steam reforming and combustion of methane.,Fukuhara,1993,KAGAKU KOGAKU RONBUNSHU,10.1252/kakoronbunshu.19.295,journal_article,55,50,53.0,no,no,no,low_priority,journal_article_candidate_after_auto_screening
paper_0116,Methane Steam Reforming Reaction Behaviour in a Packed Bed Membrane Reactor,Chibane,2011,International Journal of Chemical Engineering and Applications,10.7763/ijcea.2011.v2.93,journal_article,65,35,53.0,no,no,no,low_priority,journal_article_candidate_after_auto_screening
paper_0158,Differences in the Nature of Active Sites for Methane Dry Reforming and Methane Steam Reforming over Nickel Aluminate Catalysts,Jessica L. Rogers,2016,ACS Catalysis,10.1021/acscatal.6b01133,journal_article,95,100,97.0,yes,yes,yes,exclude,journal_article_candidate_after_auto_screening
paper_0178,Experimental Study on Dry Reforming of Biogas for Syngas Production over Ni-Based Catalysts,Reiyu Chein,2019,ACS Omega,10.1021/acsomega.9b01784,journal_article,95,100,97.0,yes,yes,yes,exclude,journal_article_candidate_after_auto_screening
paper_0132,Catalytic performance of highly dispersed Ni/TiO2 for dry and steam reforming of methane,V. M. Shinde,2013,RSC Advances,10.1039/c3ra45961f,journal_article,95,80,89.0,yes,no,yes,exclude,journal_article_candidate_after_auto_screening
paper_0117,Optimizing the catalyst distribution for countercurrent methane steam reforming in plate reactors,Zanfir,2011,AIChE Journal,10.1002/aic.12474,journal_article,75,100,85.0,no,yes,yes,exclude,journal_article_candidate_after_auto_screening
paper_0153,Recent Advances on the Design of Group VIII Base-Metal Catalysts with Encapsulated Structures,Hao Tian,2015,ACS Catalysis,10.1021/acscatal.5b01221,journal_article,85,80,83.0,yes,no,yes,exclude,journal_article_candidate_after_auto_screening
paper_0174,Recent Advances in Supported Metal Catalysts for Syngas Production from Methane,Mohanned Mohamedali,2018,ChemEngineering,10.3390/chemengineering2010009,journal_article,95,65,83.0,yes,no,no,exclude,journal_article_candidate_after_auto_screening
paper_0035,Hydrogen Production from Methane Reforming Reactions over Ni/MgO Catalyst,Wen‐Sheng Dong,2001,,,journal_article,95,55,79.0,yes,no,yes,exclude,journal_article_candidate_after_auto_screening
paper_0177,Dry and steam reforming of methane. Comparison and analysis of recently investigated catalytic materials. A short review.,Paulina Summa,2019,Polish Journal of Chemical Technology,10.2478/pjct-2019-0017,review,95,55,79.0,yes,no,yes,exclude,review_kept_separately_for_manual_flagging
paper_0189,Photoassisted Selective Steam and Dry Reforming of Methane to Syngas Catalyzed by Rhodium–Vanadium Bimetallic Oxide Cluster Anions at Room Temperature,Yan‐Xia Zhao,2020,Angewandte Chemie International Edition,10.1002/anie.202010026,journal_article,65,100,79.0,no,yes,yes,exclude,journal_article_candidate_after_auto_screening
paper_0212,Ni-based core-shell structured catalysts for efficient conversion of CH4 to H2: A review,Yu Guan,2024,Carbon Capture Science & Technology,10.1016/j.ccst.2024.100200,review,95,55,79.0,yes,no,yes,exclude,review_kept_separately_for_manual_flagging
paper_0126,Catalytic partial oxidation and steam reforming of methane on La2O3–Al2O3 supported Pt catalysts as observed by X-ray absorption spectroscopy,Kleper de Oliveira Rocha,2012,Applied Catalysis A General,10.1016/j.apcata.2012.04.022,journal_article,75,50,65.0,no,no,no,exclude,journal_article_candidate_after_auto_screening
paper_0144,"Semiconductor Photocatalysts for Non-oxidative Coupling, Dry Reforming and Steam Reforming of Methane",Katsuya Shimura,2014,Catalysis Surveys from Asia,10.1007/s10563-014-9165-z,journal_article,75,50,65.0,no,no,no,exclude,journal_article_candidate_after_auto_screening
paper_0152,"Partial oxidation of methane over Ni0/La2O3 bifunctional catalyst III. Steady state activity of methane total oxidation, dry reforming, steam reforming and partial oxidation. Sequences of elementary steps",Tri Huu Nguyen,2015,Applied Catalysis B: Environmental,10.1016/j.apcatb.2015.09.016,journal_article,65,65,65.0,no,no,yes,exclude,journal_article_candidate_after_auto_screening
paper_0170,Behaviour of Rh supported on hydroxyapatite catalysts in partial oxidation and steam reforming of methane: On the role of the speciation of the Rh particles,Zouhair Boukha,2018,Applied Catalysis A General,10.1016/j.apcata.2018.03.002,journal_article,75,50,65.0,no,no,no,exclude,journal_article_candidate_after_auto_screening
paper_0183,The role of Pt loading on La2O3-Al2O3 support for methane conversion reactions via partial oxidation and steam reforming,Jesuina C.S. Araújo,2019,Fuel,10.1016/j.fuel.2019.115681,journal_article,65,65,65.0,no,no,yes,exclude,journal_article_candidate_after_auto_screening
paper_0198,CeO2-Based Heterogeneous Catalysts in Dry Reforming Methane and Steam Reforming Methane: A Short Review,Wan Nabilah Manan,2022,Catalysts,10.3390/catal12050452,review,75,40,61.0,no,no,no,exclude,review_kept_separately_for_manual_flagging
paper_0062,CO2 reforming of methane combined with steam reforming or partial oxidation of methane to syngas over NdCoO3 perovskite-type mixed metal-oxide catalyst,Vasant R. Choudhary,2006,Applied Energy,10.1016/j.apenergy.2005.09.008,journal_article,65,50,59.0,no,no,no,exclude,journal_article_candidate_after_auto_screening
paper_0100,"Designing Pt nanoparticles supported on CeO2–Al2O3: Synthesis, characterization and catalytic properties in the steam reforming and partial oxidation of methane",P.J.S. Prieto,2010,Journal of Catalysis,10.1016/j.jcat.2010.09.025,journal_article,65,50,59.0,no,no,no,exclude,journal_article_candidate_after_auto_screening
paper_0127,Evaluation of the economic and environmental impact of combining dry reforming with steam reforming of methane,Preeti Gangadharan,2012,Process Safety and Environmental Protection,10.1016/j.cherd.2012.04.008,journal_article,65,50,59.0,no,no,no,exclude,journal_article_candidate_after_auto_screening
